:020000040800F2
:10000000B8440020CD0200088D4B000809450008C7
:100010005D4B000849210008195500080000000048
:100020000000000000000000000000003502000891
:10003000692300080000000079020008CD50000884
:10004000E7020008E7020008E7020008E7020008EC
:10005000E7020008E7020008E7020008E7020008DC
:10006000E7020008E7020008E70200084D21000847
:10007000E7020008E702000859210008E70200082B
:10008000E7020008E7020008E7020008E7020008AC
:10009000E7020008E7020008E7020008E70200089C
:1000A000E7020008E7020008E7020008E70200088C
:1000B000E7020008E70200085D510008E7020008B7
:1000C000E7020008E7020008E7020008E70200086C
:1000D000E70200080D550008E7020008E7020008E3
:1000E000E7020008E7020008E702000800F002F853
:1000F00000F090F80AA090E8000C82448344AAF132
:100100000107DA4501D100F085F8AFF2090EBAE82F
:100110000F0013F0010F18BFFB1A43F0010318473B
:100120000490000024900000103A24BF78C878C1E1
:10013000FAD8520724BF30C830C144BF04680C60ED
:10014000704700000023002400250026103A28BF35
:1001500078C1FBD8520728BF30C148BF0B60704739
:100160006E2900F0F883702900F05985662908F09F
:100170003883652908F03583672908F032836129BF
:1001800008F0318303681B0A28BF41F08001692908
:1001900000F01C81642900F01981752900F0168196
:1001A0006F2900F0E684782900F02585E92900F020
:1001B0008184E42900F07E84F52900F07B84EF2916
:1001C00000F0E384F82900F024850368DB0928BFE8
:1001D00041F08001632900F00284732900F0078454
:1001E000E32901F03581F32901F03A8100207047BD
:1001F0001FB501F087F904000020002107F028FD59
:10020000401C60600020002107F00CFDE0601FBD75
:1002100010B510BD01F048F91146FFF7E9FF05F0F0
:10022000B5FA01F025FA03B4FFF7F2FF03BC01F0C1
:100230006DFA0000224B19680868B0E8F00F80F3EF
:100240000988BFF36F8F4FF0000080F311884EF0E4
:100250000D0E70470000000006480068006880F33B
:10026000088862B661B6BFF34F8FBFF36F8F00DFB0
:1002700000BF00BF08ED00E0EFF30980BFF36F8F10
:100280000F4B1A6820E9F00F106008B54FF05000CE
:1002900080F31188BFF34F8FBFF36F8F06F028FDF7
:1002A0004FF0000080F31188BDE808401968086825
:1002B000B0E8F00F80F30988BFF36F8F704700BF7D
:1002C00044000020EFF30580704700000948804794
:1002D00009480047FEE7FEE7FEE7FEE7FEE7FEE728
:1002E000FEE7FEE7FEE7FEE704480549054A064B40
:1002F000704700005B510008ED000008B83E002088
:10030000B8440020B8400020B84000207CB51D460D
:1003100016460C00009001D02044401E074B7B4441
:100320002A4669460190304600F02FFB05461CB175
:100330000020694600F03CFB28467CBD9906000081
:100340000FB47CB50C0009AA009001D02044401ED7
:10035000084B7B4469460190089800F016FB05465F
:100360001CB10020694600F023FB28467CBC5DF8E8
:1003700014FB00006506000070B50C460546012A16
:1003800005D02878800600D5EA69002302E0012321
:1003900005E05B1C934202D2E05C0028F9D1A86919
:1003A000E618C01AA861286A18442862284600F096
:1003B00040FA04E0D5E9012114F8010B9047B4425A
:1003C000F8D3284600F04BFA70BD00002DE9F0414B
:1003D0000646002410687529314616A510D000F095
:1003E0004FFA002802DA404213A507E031688A0775
:1003F00001D512A502E0490704D511A5012401E0A9
:1004000000F047FA00210A2206F1240709E0B0FBB8
:10041000F2FCB0FBF2F302FB1C00303078541846BB
:10042000491C0028F3D123462A463046BDE8F04156
:1004300000F038BA000000002D0000002B00000082
:10044000200000002DE9F05F894604464FF0000AC5
:10045000DFF874B1FB44C0F820A02046E16888476B
:10046000002874D0252806D0D4E901219047206ABD
:10047000401C2062F1E700265F462046E16888477D
:100480002028054607DB312D05D2781910F8200CFD
:1004900008B10643F1E7B00701D526F00406C4F819
:1004A0001CA00027C4F818A02A2D09D0284605F062
:1004B00058F838B304EB8708303DC8F8185019E0F5
:1004C00059F8041B204604EB87029161E1688847D4
:1004D000012F054618D1E069002820DA26F0200611
:1004E0001DE0D8F8180000EB800005EB4000303824
:1004F000C8F818002046E1688847054605F031F83D
:100500000028EED1012F0AD02E2D08D12046E16817
:1005100088477F1C0546022F46F02006C4DBA069F1
:10052000002803DA404246F00106A061F00701D03E
:1005300026F010066C2D0BD0682D09D04C2D39D02B
:100540006A2D35D0742D35D07A2D33D016E038E0B1
:10055000E1682F4620468847B842054609D16C2FEE
:1005600026D04FF48060E168064320468847054660
:1005700004E06C2F1AD04FF4807006430DB3A5F140
:100580004100192802D8203546F400664A4629461B
:10059000204626604E46FFF7E3FD80B101280BD0D0
:1005A000F61D26F0070000F1080956E74020E4E7B1
:1005B0008020D8E70020D6E706F104094DE7284659
:1005C00052E7206ABDE8F09F788B000040EA010303
:1005D000024630B59B0710D14FF0013400E008C24D
:1005E00008C91D1B9D4315EAC41FF8D013F0FF0175
:1005F00002F8011B0DD01B0AF8E711F8013B002B94
:1006000002F8013B05D011F8013B002B02F8013B39
:10061000F3D130BD10B5431C02E010F8011B71B1DD
:100620008107FAD14FF0013202C88C1A8C4314EAC8
:10063000C211F9D0C01A0A0603D0C01E10BDC01ADC
:1006400010BD0A0401D0801E10BD0902FCD0401E5E
:1006500010BD40EA010370B59B072ED14FF0013663
:10066000042A2AD308C810C99D1B9D43121F15EAEE
:10067000C61517D0D8B2E1B2401A50EA056110D1C0
:1006800098B2A1B2401A50EA05410AD123F07F4046
:1006900024F07F41401A50EA052102D1180EA0EB48
:1006A000146070BDA342DBD018BA21BA884201D9C8
:1006B000012070BD4FF0FF3070BD0AB9002070BD41
:1006C00010F8013B11F8014B63B1A3420AD1521E4D
:1006D00008D010F8013B11F8014B1BB1A34201D126
:1006E000521EEDD1181B70BD421E12F8013F002BA7
:1006F000FBD111F8013B002B02F8013BF9D1704707
:10070000032A40F2308010F0030C00F0158011F83D
:10071000013BBCF1020F624498BF11F801CB00F815
:10072000013B38BF11F8013BA2F1040298BF00F869
:1007300001CB38BF00F8013B11F0030300F07A82CF
:10074000083AC0F0088051F8043B083A51F804CB4D
:10075000A0E80810F5E7121D5CBF51F8043B40F813
:10076000043BAFF30080D20724BF11F8013B11F81E
:1007700001CB48BF11F8012B24BF00F8013B00F862
:1007800001CB48BF00F8012B704702F0FF0343EA9A
:10079000032242EA024200F002B84FF000020429AC
:1007A000C0F0128010F0030C00F01B80CCF1040CA0
:1007B000BCF1020F18BF00F8012BA8BF20F8022BD4
:1007C000A1EB0C0100F00DB85FEAC17C24BF00F87A
:1007D000012B00F8012B48BF00F8012B70474FF0A8
:1007E000000200B5134694469646203922BFA0E881
:1007F0000C50A0E80C50B1F12001BFF4F7AF09078D
:1008000028BFA0E80C5048BF0CC05DF804EB89007D
:1008100028BF40F8042B08BF704748BF20F8022BC0
:1008200011F0804F18BF00F8012B704770477047D8
:10083000704770B5044685690068C10601D5302649
:1008400000E02026C00707D070BDD4E90121304662
:100850009047206A401C20626D1EF6D570BD70B5B1
:10086000044685690078C00707D170BDD4E901212D
:1008700020209047206A401C20626D1EF6D570BD76
:1008800009684A0501D540B27047C905FCD500B2D8
:10089000704709684A0501D5C0B27047C905FCD543
:1008A00080B270472DE9F0470D46994692460446BE
:1008B00000F124080168880604D5E06921F01001E0
:1008C000216000E00120A84201DD471B00E0002775
:1008D000A1697A1902EB0900081AA0612078C00604
:1008E00002D42046FFF7A5FF002608E0D4E9012145
:1008F0001AF806009047206A401C761C20624E457C
:10090000F4DB2078C0060AD52046FFF792FF06E008
:10091000D4E9012130209047206A401C2062381E13
:10092000A7F10107F4DC07E0D4E9012118F805007C
:100930009047206A401C2062281EA5F10105F3DCC7
:100940002046FFF78CFF2078000602D50220BDE884
:10095000F0870120FBE711680268006A530501D5A2
:1009600008700AE0D30501D5088006E0130603D518
:10097000C217C1E9000200E00860012070470000D2
:1009800001694A1C02610878704700B58FB0CDE953
:1009900001310021059105497944CDE90310114643
:1009A0006846FFF74FFD0FB000BD0000E5FFFFFFF9
:1009B0000A6802F8010B0A607047D1E900239A42E5
:1009C00002D2531C0B601070704710B5436913B10D
:1009D000AFF3008001E0FFF7CFFC012010BD1278DB
:1009E00000F124010A7000224A700122EDE711682B
:1009F0004FF0FF32E9E700002DE9FF5F15468A4618
:100A00000446DFF8AC80F8440027D8E900103E46E1
:100A1000CDE9001010E03AF816106A4602A800F07E
:100A200023FD411C07D02178890603D5E2693918D6
:100A300091420DD80744761C2078800602D5E069E3
:100A4000B84205DDAE42E6DB3AF816000028E2D1F6
:100A5000A069C01BA0612046FFF7EBFED8E900109B
:100A6000CDE90010002017E03AF818106A4602A8F5
:100A700000F0FAFCB0F1FF3F81460BD000250DF1EC
:100A8000080B05E0D4E901211BF8050090476D1C17
:100A90004D45F7D308F10100B0428046E4DB206AFF
:100AA000384420622046FFF7DAFEBDE8FF9F0000D1
:100AB000DA8500002DE9F0418046D21D22F00702C0
:100AC0000025D2E90002F52915A614D0011E72F105
:100AD000000106DA0023D0EB030063EB020211A64B
:100AE00008E0D8F800108B0701D50FA602E04907EF
:100AF00001D50EA601251146002408F1240704E0C3
:100B000000F0CAF830323A55641C50EA0102F7D1BD
:100B10002B46324621464046BDE8F041FFF7C2BEB3
:100B2000000000002D0000002B000000200000004D
:100B300030B4002100F1240408E002F00705D208D7
:100B4000303542EA4372DB086554491C52EA03051A
:100B5000F3D10468002310A2250707D5A40600D40A
:100B600021B1C46901230DA2641EC46130BCFFF72A
:100B700099BE10B5044621461068FFF78AFE02466A
:100B80002046BDE810400023D2E7D21D22F0070125
:100B9000D1E90023CCE70000000000003000000095
:100BA000F0B40D460188090502D5214C7C4402E0D1
:100BB0001F4C7C440E34002100F1240608E002F0B2
:100BC0000F071209E75D42EA03721B097754491CBB
:100BD00052EA0307F3D102780023120704D5702DDF
:100BE00006D009B1022311342246F0BCFFF75ABEE9
:100BF00001231034F8E770B504460D46214610680D
:100C0000FFF747FE024629462046BDE87040002314
:100C1000C6E7D21D22F00703D3E90023C0E703682B
:100C2000126843F0200303600823C3610023B7E781
:100C30003C84000010B5203AC0F00B80B1E8185099
:100C4000203AA0E81850B1E81850A0E81850BFF4B6
:100C5000F5AF5FEA027C24BFB1E81850A0E8185055
:100C600044BF18C918C0BDE810405FEA827C24BFA9
:100C700051F8043B40F8043B08BF7047D20728BF37
:100C800031F8023B48BF11F8012B28BF20F8023B86
:100C900048BF00F8012B704730B5B0F10A024FEAA7
:100CA000900E71F100034EEA817EB0EB0E0061EB15
:100CB00091014FEA101E4EEA017E10EB0E0041EB4F
:100CC00011114FEA102E4EEA016E10EB0E0041EBAF
:100CD00011214FEA104E4EEA014E10EB0E0041EB8F
:100CE0001141401841F100014FEAD00040EA417043
:100CF0004FEAD10110EB80054FEA810444EA907479
:100D000044EB01046D1944EB0404521BA3414FF062
:100D1000000348BF0A3200D530BD401C41F100013C
:100D200030BD70472DE9FF4F0C461E464FF0FF3790
:100D30008BB0D2E90001DDF860800A908A46C1F3E9
:100D40000A5505B93D46002108464FF00000BAF1AA
:100D5000000F00F4400005DA00EB80004FF4400182
:100D600001EA50004FEA9059B9F1010F00DDB94690
:100D70000A9850EA4A000ED044F61050A5F2FF350A
:100D800045432F14B8F1000F1ED07542291E1EDDF9
:100D9000C9F100021CE0B8F1010F4FF0000001D0D2
:100DA000302103E0F24305E02154401CB042FBDB5C
:100DB00030460022002121540B99C1F80880C1E976
:100DC00000200FB0BDE8F08FBD1B6D1CDEE74A466A
:100DD00000DA694206A800F0D9FB06AB93E80700E9
:100DE00003AB83E8070050460A9900F096FC8DE8B3
:100DF0000700A0F500501F3800900398002D0ADD71
:100E000042F21F014A460844002303A903906846A2
:100E100000F0FFFE09E0A0F500504A461F3800230D
:100E200003A90390684600F009FF8DE8070000045D
:100E3000000C03D04FF0FF30410800E01046B8F13D
:100E4000000F03D00022009215461EE0751E05D447
:100E5000FFF722FF303262556D1EF9D5B3460122ED
:100E6000084302D000227F1C04E02078302801D102
:100E700000227F1E002A099784D01DE0112D07DA79
:100E8000FFF70AFF303262556D1C50EA0102F5D1BE
:100E9000084302D00098C8B10EE00021681E05E0AA
:100EA000235C625C63542254401E491C8142F7DB80
:100EB000AB46A81B401E0990002004F80B000B98BD
:100EC000099AC0F80880C0E9002B7AE711264FF094
:100ED000000857E72DE9F04F88460446D21D22F05E
:100EE000070191B0D1E90001CDE90A0104F015FB39
:100EF00002460B98C00F01D02D2007E02068810723
:100F000001D52B2002E0202101EAC000032A09902C
:100F100001D0072A05DB03464146204600F0F6FAD9
:100F20000BE12078800601D5E06900E00620B8F1E9
:100F3000650F814606D0B8F1660F18D0B8F1670F7B
:100F400070D131E00020B9F1110F009001DB1123C5
:100F500001E009F101030AAA01A90CA8FFF7E2FECA
:100F6000DDE90C70002609F10105834647E0012008
:100F70004B4600904FF000470AAA01A90CA8FFF7C2
:100F8000D1FEDDE90DB00C995D46002610B909F1DE
:100F900001000D18B9EB050003D4C0F1FF3609F1CB
:100FA0000105A5EB09002BE0B9F1010F01DA4FF0C3
:100FB00001090020B9F1110F0090484601DD11230D
:100FC00000E003460AAA01A90CA8FFF7ABFEDDE981
:100FD0000C704D4600268346207800070AD4AB45A6
:100FE00000DA5D4601A8012D04DD411911F8011C4C
:100FF000302907D04F4502DA17F1040F04DA012037
:1010000082460FE06D1EEEE7002F02DCED1B3E4432
:1010100003E0781CA84200DD7D1CB81B00F1010A2A
:101020004FF000472078000703D4AA4501DB4FF0BA
:10103000FF3A0021B7F1004F0DF143088DF843103E
:1010400024D002202B23002F01DA7F422D230A21F6
:10105000021EA0F1010000DC5FB197FBF1FC97FBE1
:10106000F1F201FB1C7C17460CF1300C08F801CDA5
:10107000EEE7A8F1010003702188090501D545219B
:1010800000E06521A0F1010800F8011C09980FA9F2
:10109000A1EB0807FF1D00B10120411901EBEA7027
:1010A000A1693844081A401EA0612078C00602D405
:1010B0002046FFF7BEFB099828B1D4E901219047EB
:1010C000206A401C20622078C00622D52046FFF707
:1010D000B0FB1EE0002E04DBB34502DD01A8805DFD
:1010E00000E03020D4E901219047206A401C2062B2
:1010F000761CAAF101005FEA000A0AD100F002FAA8
:10110000C0680168405CD4E901219047206A401C16
:101110002062281EA5F10105DCDC07E0D4E90121ED
:1011200018F8010B9047206A401C2062381EA7F176
:101130000107F3DC2046FFF792FB032011B041E6E4
:101140002DE9F04F04460D46D21D22F0070089B06C
:10115000D0E900974846394604F0DFF90246F80F17
:1011600001D02D2307E02068810701D52B2302E061
:10117000202101EAC0038DF820300BB1012000E0EE
:101180000020032A824601D0072A04DB2946204694
:1011900000F0BCF93FE12078800601D40D2500E085
:1011A000E569C7F30A560D2D49DA00214FEA175BAE
:1011B00008464FF00000002F00F4400007DA00EB73
:1011C00080004FF4400100EBD07001EA600081150F
:1011D000012901DD4FF0FF3100224FEA850CBCF1FF
:1011E000180F06D31346ACF118004FF08052C240DE
:1011F00003E04FF4801323FA0CF30CF10C0CBCF158
:10120000200F04D3ACF1200C09FA0CF001E007FA2E
:101210000CF000294FF0004801DD18B90FE00ED1A5
:1012200040450CD319EB02095F4121B9404502D179
:101230009F4329EA0209BBEB175F00D0761C208888
:10124000000502D57B48784402E07A487844193892
:1012500008AA302302F80A30037C0AF10101002EAB
:101260000AF1020A53546A4602DC4FF0300101E0F1
:101270004FF031014FF001088DF8001002D0A6F2B6
:10128000FF3603E059EA470100D06B4E002D02DC27
:101290002178090704D54FF002082E218DF801109E
:1012A000C44600210BE0C7F303433F01C35C491C64
:1012B0006D1E02F80830052908F1010801DA002D39
:1012C000F1DC00210CE000EB1973491C1B786D1E4A
:1012D000082902F808304FEA091908F1010801DA73
:1012E000002DF0DC21688B0602D516E0A8F101087C
:1012F000E04505DD02EB080313F8013C302BF5D087
:10130000B8F1000F09DD02EB080313F8013C2E2BA6
:1013100003D1090701D4A8F10108002D05DD3E2104
:1013200002F808106D1E08F10108407C002E02F83A
:10133000080008F1010804DA2D20764202F80800BE
:1013400002E02B2002F808000A214FF47A7086424E
:1013500008F101080BDB96FBF0F3303302F808309C
:1013600096FBF0F308F1010800FB136601E0642E20
:101370000CDB642096FBF0F3303302F8083096FB68
:10138000F0F308F1010800FB136601E00A2E06DB0A
:1013900096FBF1F0303002F8080008F1010896FBE6
:1013A000F1F001FB1060303002F80800A16908F18B
:1013B000010808EB050202EB0A00081AA061207878
:1013C000C00602D42046FFF734FA216A08AE01EBCA
:1013D0000A00206204E0D4E9012116F8010B9047CD
:1013E000BAF1010AF7D22078C00602D52046FFF7ED
:1013F00020FA6E4609E016F8010B3E280FD0D4E91A
:1014000001219047206A401C2062B8F10108F2D205
:101410002046FFF724FA09B00320BDE8F08F206AC8
:101420002844206203E0D4E90121302090476D1E5A
:10143000EBD3F8E7DD7D000002FCFFFF10B5436948
:1014400013B1AFF3008001E0FFF7D6FA012010BD21
:10145000128800F1240182840022C2840122EDE777
:1014600011684FF0FF32E9E770B516460C460546A5
:1014700000F040F8036893F80101012806D0FF2C22
:101480000FD8185D68B101202C7070BDD3F807012A
:101490003246214603F2071303442846BDE8704054
:1014A00018474FF0FF3070BD754600F0EBF8AE46C0
:1014B00005006946534620F00700854618B020B560
:1014C000FEF712FFBDE820404FF000064FF0000786
:1014D0004FF000084FF0000B21F00701AC46ACE8DC
:1014E000C009ACE8C009ACE8C009ACE8C0098D4649
:1014F0007047000010B500F005F8001D10BD00BFDA
:101500005167000000487047783E00202DE9F04107
:101510001F46044603260168072A01F4006004DB25
:1015200008B116A505E016A503E008B115A500E071
:1015300015A521F010002060A069C01EA0610FB1A8
:10154000401EA0612046FFF774F94FB1D4E9012194
:1015500038469047206A401C2062C01C206206E08A
:10156000206AFAE7D4E9012115F8010B9047761EAD
:10157000F8D22046FFF773F9BDE8F0814E414E00E6
:101580006E616E00494E4600696E66002DE9F047B7
:10159000814616468AB0354878440DC88DE80D005E
:1015A00032487844801C03AC0DC884E80D0041F635
:1015B0009B300844372190FBF1F290FBF1F5A5F147
:1015C000800501FB12041B3C02D56442012000E0AF
:1015D0000020DFF898A080460027FA44AAF1BE0A4E
:1015E0000EE0E0070AD03246684607EB47010123C8
:1015F0000AEB810100F022FB8DE8070064107F1CDC
:10160000002CEED1194F7F44AE3F19E0E80715D00A
:1016100007EB04100DF1180A90E80E008AE80E009E
:10162000C068F04201D1981908903246012306A9FA
:1016300003A800F003FB03AB83E807006D10641CF4
:10164000002DE3D14FF0010332466946B8F1000F97
:1016500003A802D000F0DDFA01E000F0EFFAC9E9DA
:101660000001C9F808200AB0BDE8F0871C7B000023
:1016700010B50446AFF300802046BDE81040FEF7E9
:10168000D2BD000000487047583E00204FF0013C9A
:1016900050F8042B51F8043B9A4221D1A2EB0C03E1
:1016A000934313EACC1317D150F8042B51F8043BA1
:1016B0009A4215D1A2EB0C03934313EACC130BD13E
:1016C00050F8042B51F8043B9A4209D1A2EB0C03C9
:1016D000934313EACC13DBD04FF00000704700BFF8
:1016E000D01A01BAB1FA81F101F0180122FA01F021
:1016F000CB40C1F12001DBB2C0B2C01A2CFA01F319
:10170000D11A914311EAC311E6D17047014918205B
:10171000ABBEFEE72600020070475FEA400C08BF40
:1017200091F0000F4FEA8C234FEAC12243EA515156
:101730004FEA1C5018BF00F5F0404FEA300018BFC8
:1017400041F000415FEA6C5C00F02980BCF1FF3F92
:1017500008BF40F080407047130C06BF12044FF0E2
:10176000100C4FF0000C130E04BF12020CF1080C09
:10177000130F04BF12010CF1040C930F04BF92006D
:101780000CF1020CD30F04BF52000CF1010C1146F6
:101790004FF00002A0F11F00A0EB0C00704711F009
:1017A000004F08BF704731F000413FF4D5AF0B0C3C
:1017B00006BF09044FF0100C4FF0000C0B0E04BFD5
:1017C00009020CF1080C0B0F04BF09010CF1040C09
:1017D0008B0F04BF89000CF1020CCB0F04BF490032
:1017E0000CF1010CCCF12003A0EB0C0022FA03F366
:1017F00002FA0CF241EA030100F10100704720F007
:101800007F4C80EA030023F07F47ACEB070303F52E
:101810007C5300F0004003F1FF032DE980494FEABB
:10182000154B09B44FEA144325EA0B4E24EA03484A
:101830000FF2042606EB132749083E785FEA3202CE
:1018400003FB0667C7F5000707FB06F64FEA5437A8
:101850004FEAD64606F1020607FB066CCCF1005CA7
:101860004FEA1C472CEA074C07FB06F40CFB06F575
:1018700004EB15464FEA961634BF00204FF00040A7
:101880004FEAD13706FB07FC4FEA1C4C0CFB0BF769
:10189000D21B03FB0CF761EB07010CFB0EF7B0EB5F
:1018A000074072EB17420CFB08F734BFA2EB07426C
:1018B000B2EB074261EB17414FEA0C444FEA910744
:1018C00006FB07FC4FEA1C4C0CFB0BF7B0EBC740C8
:1018D00072EB573203FB0CF734BFA2EBC742B2EBFB
:1018E000C74261EB57310CFB0EF7B0EBC70072EB50
:1018F00057720CFB08F734BFA2EBC702B2EBC7026A
:1019000061EB5771039F4FEA816141EA921104EB49
:10191000CC044FEAD1374FEA826206FB07FC42EA69
:1019200090124FEA80604FEA1C4C0CFB0BF7D21B65
:1019300003FB0CF761EB07010CFB0EF7B0EB074064
:1019400072EB17420CFB08F734BFA2EB0742B2EB75
:10195000074261EB17414FEA8C554FEA910704EBC0
:101960009C2406FB07FC4FEA1C4C0CFB0BF7B0EB6E
:10197000C74072EB573203FB0CF734BFA2EBC742F0
:10198000B2EBC74261EB57310CFB0EF7B0EBC7006F
:1019900072EB57720CFB08F734BFA2EBC702B2EB35
:1019A000C70261EB577115EB4C254FEA816141EAA3
:1019B00092114FEA82624FEAD13742EA901206FB57
:1019C00007FC44F100044FEA80604FEA1C4C0CFB1A
:1019D0000BF7D21B03FB0CF761EB07010CFB0EF7B7
:1019E000B0EB074072EB17420CFB08F734BFA2EBD9
:1019F0000742B2EB074261EB174115EB1C154FEAAA
:101A0000813141EA92414FEA823242EA90424FEA02
:101A100080304FEA0C7644F1000448EA03434EEA72
:101A20000B484FF0000EB2EB080C71EB030724BF1C
:101A3000624639464EEB0E0E4FF0000B0018524135
:101A400049414BEB0B0BB2EB080C71EB03077BF13D
:101A5000000B24BF624639464EEB0E0E4FF0000BD2
:101A60000018524149414BEB0B0BB2EB080C71EBE8
:101A700003077BF1000B24BF624639464EEB0E0E86
:101A800051EA020718BF46F0010616EB0E7655F133
:101A9000000254F1000103D5BDE88901BDE80088CA
:101AA000BDE88901BDE80048B619524141EB01018A
:101AB000A3F10103704780807F7E7D7C7B7A7978FB
:101AC000777676757473727171706F6E6E6D6C6C03
:101AD0006B6A6A69686867666665646463636261A5
:101AE0006160605F5F5E5E5D5D5C5C5B5B5A5A5926
:101AF0005958585757565655555554545353525292
:101B00005251515050504F4F4F4E4E4D4D4D4C4CE9
:101B10004C4B4B4B4A4A4A49494948484847474732
:101B2000474646464545454444444443434343426F
:101B3000424242414141002B9C4630D477002BD099
:101B40001CB54FEA370703B44FF010004FF01001F7
:101B5000BAF1000F06D0BCF1000FDCBF40F0080066
:101B600040F008014FF000000FBCBDE810400BF141
:101B7000010BBBF1010F08BF5FEA170722BF12F18B
:101B8000010211F101014FF0004143F1000300F0A7
:101B9000004043EA00007047F9D35708D0E746EA0F
:101BA000064613F1400F4FEA16461FDD13F1200FD2
:101BB000DFBF16430A46002120335B42BED0C3F18B
:101BC000200746EA064602FA07F74FEA164646EAB3
:101BD0000706C3F1200722FA03F201FA07F721FAF8
:101BE00003F14FF0000342EA0702A7E746EA0206C4
:101BF00046EA06464FEA164646EA0106BCBF46EAF2
:101C00000646360C4FF000034FF000024FF0000183
:101C100094E72DE9804C9A46934670B491E83800D9
:101C200007C831EA400C48BF34EA430C03D5FFF73C
:101C3000E6FDFFF780FFF0BCBDE8008C2DE9804C8D
:101C40009A46934670B491E8380007C810F0804F68
:101C500008BF13F0804F03D100F005F8FFF76BFFCA
:101C6000F0BCBDE8008C20F07F4780EA030023F041
:101C70007F4C07EB0C03A3F57C5300F00040A3F16D
:101C8000FE0392F0000F00F0B38095F0000F00F01B
:101C900077802DE901494FEA11404FEA144621EAC5
:101CA000004800FB06FC24EA064708FB06F607FB93
:101CB00008F800FB07F718EB06484CEB164C4FEA08
:101CC000124B18EB07484FEA15464CEB174022EA37
:101CD0000B4E0BFB06FC25EA06470EFB06F607FB40
:101CE0000EFE0BFB07F71EEB064E4CEB164C4FF0AF
:101CF00000061EEB074E4CEB174B18EB0B0840F1A0
:101D0000000018EB0E0B58EB000840F100008F1A92
:101D10004FF000013CBFC943661B14BFB5EB040C78
:101D200000213CBFC943F61B4FEA17444EEA8E0E12
:101D300027EA04454FEA1C4704FB07622CEA074CDC
:101D400005FB07F70CFB05F604FB0CFC16EB07463E
:101D500042EB174216EB0C4642EB1C421BEB06060D
:101D600058EB0202414146EA9E0601D5BDE80189D1
:101D7000B619524141EB0101A3F10103BDE801890C
:101D80004FEA14454FEA114724EA054621EA074C79
:101D900005FB07F406FB07F70CFB06F105FB0CFC43
:101DA00011EB074144EB17444FEA124711EB0C418A
:101DB00044EB1C4422EA074C05FB07F206FB07F73D
:101DC0000CFB06F605FB0CFC16EB074642EB174234
:101DD00016EB0C4642EB1C456A1854F1000148BF53
:101DE0007047B619524141EB0101A3F1010370475D
:101DF00095F0000F37D04FEA11424FEA144721EA1D
:101E0000024624EA074C02FB07F106FB07F70CFB2E
:101E100006F402FB0CFC14EB074441EB17414FEABC
:101E2000154714EB0C4441EB1C4125EA074C02FB1F
:101E300007F506FB07F70CFB06F602FB0CFC16EB9E
:101E4000074645EB174516EB0C4645EB1C421219AD
:101E500051F1000148BF7047B619524141EB0101F1
:101E6000A3F1010370474FEA14454FEA114724EAF2
:101E7000054621EA074C05FB07F106FB07F70CFBBB
:101E800006F24FF0000605FB0CFC12EB074241EB9B
:101E9000174112EB0C4251EB1C4148BF704792189E
:101EA00041EB0101A3F101037047000070B5044646
:101EB00000688168C943C90717D1816821F0010111
:101EC000816001F081F805460AE000BF01F07CF86E
:101ED000401B022804D920688068C043C00706D090
:101EE00020688068C043C007F0D0002070BDA06AA1
:101EF00040F01000A062E06A40F00100E0620120C2
:101F000070BD10B50146406A826A12F0500F05D0CC
:101F1000006A026BBDE8104008461047816A41F430
:101F20000071816201688968C1F3424107290CD1BF
:101F3000017B51B9816A21F480718162816AC9048F
:101F400003D4816A41F00101816200F033FC10BDCD
:101F500010B5406A816A41F040018162C16A41F076
:101F60000401C16200F04BFC10BD10B5406A00F0E6
:101F700045FC10BDF8B5002604460096006881684F
:101F8000C943C9072DD0816841F00101816016481D
:101F900016490068B0FBF1F000E0401E00900028F8
:101FA000FBD101F011F8054616E000BF01F00CF876
:101FB000401B022810D920688068C043C0070BD09E
:101FC000A06A40F01000A062E06A40F00100E06208
:101FD00084F824600120F8BD20688068C043C007F1
:101FE000E4D10020F8BD00004000002040420F0076
:101FF00070B50F4C0D4A0546667852F8261042F827
:102000002600606806F078FB294606F02DF96FF08F
:102010000701606006F049FC294606F063FB16B133
:10202000761E667070BDFF21617070BD043A00209D
:10203000D000002001220249024802F053B90000FA
:10204000CF0000206802002010B50B4890F8411026
:102050002029FBD1084801F039FF00224FF400612C
:10206000064800F0ABFF064900200870BDE81040AC
:1020700040210448FEF791BB68020020000801409F
:10208000CE000020403800200A4910B5002008701A
:1020900040210948FEF781FB0122D102074800F0E8
:1020A0008DFF4FF4FA7000F087FEBDE81040FFF797
:1020B000C1BF0000CE0000204038002000080140D1
:1020C0000FB40F4810B500BF90F841102029FBD184
:1020D00003ABC9000B48029AFEF718F9411EFD290F
:1020E0000AD208490D220A54401C0A220A54401CF4
:1020F00082B2034802F04AF910BC5DF814FB0000FC
:1021000068020020C038002010B50B4991F841202A
:10211000202AFBD1034609A24FF480710948FEF73B
:102120000FF9002806DD82B2BDE8104005490248DB
:1021300002F02CB910BD00006802002025730D0AC2
:1021400000000000C0380020FEE70000014800F059
:1021500023BD000088010020014800F01DBD0000E3
:10216000B002002030B590F840500124AC40C56B5F
:102170006C60046863604368102B036803D0996047
:102180000068C26030BD9A600068C16030BD000068
:102190000748016821F00F010160016841F0080162
:1021A000016003480C30016841F001010160704793
:1021B000000C01400448016821F00F010160016832
:1021C00041F0030101607047000C014010B500F0C0
:1021D00033F8164C88B9CC2000F098F8442000F071
:1021E00095F801220221124800F0E8FE40F2EE20AC
:1021F00004F03AFC00F020F808B1204610BDCC20D5
:1022000000F084F8BE2000F081F800F04DF804469C
:1022100000F04AF844EA002000B206F06BF90549E4
:1022200006F094F906F04AF900B210BD19FCFFFF60
:10223000000C01400000203F70B50124224602211D
:10224000184800F0BBFE03F09FFB02284FF0C800C7
:102250001CD000F0B1FD00BF04F002FBFFF7AAFFA5
:1022600010480125143005604FF4FA7000F07DF835
:102270000C48103005603C2000F077F8FFF788FF2D
:10228000084808300068C00703D003E003F06EFB85
:10229000E2E7002404F004FB4FF4C87000F065F896
:1022A000204670BD000C01402DE9F047DFF8588052
:1022B000DFF854A000263546A8F10409AAF10C0A5B
:1022C0005FF0010404F0CCFAFFF774FFC8F8004097
:1022D000022000F04AF8C9F80040FFF759FFDAF889
:1022E000000000F0010704F0DBFA322000F03DF8B6
:1022F0001FB104FA05F03043C6B26D1CEDB2082DD3
:10230000E0D33046BDE8F087140C01402DE9F047DA
:10231000DFF85080002506460124A8F1040900BF1B
:1023200006F0010704F09CFAFFF744FF4046C8F8A6
:10233000004037B1022000F018F8C9F800403C20F6
:1023400005E0412000F011F8C9F80040022000F03B
:102350000CF804F0A5FA6D1C7608EDB2082DDFD359
:10236000BDE8F087140C0140704770B5002815D007
:1023700000EB40004FF0E023C400986900215D6944
:102380009A698242FCD002D2A0EB020002E0A5EBE7
:102390000206304401441046A142F1D370BD72B62A
:1023A000FEE700002DE9F0413D4C0F460025217865
:1023B0000E2621B101292AD0022948D06EE0E16819
:1023C0004FF05532490841EAC0703649E060484054
:1023D00002EA5002801A4FF0333100F0333201EA42
:1023E0009000104400EB101000F00F3000EB1020B4
:1023F00000EB104000F03F0002284FDC012020706D
:102400006670E580A570257102F0AAFD46E0E188BE
:10241000490841EAC03080B2E0806178491E11F07D
:10242000FF0161703AD11E498008891C01F0ECFF60
:10243000A078402802D94020A0702FE020B10220CF
:102440002070E670258129E02570E56026E021896D
:10245000490841EAC03080B22081E178491E11F07C
:10246000FF01E1701AD10E49E6708008491D01F0A4
:10247000CBFF0D48217962794254491CCAB22271BE
:10248000A1788A420AD3855401463846521CFEF789
:1024900037F9E56025700120BDE8F0810020FBE7F9
:1024A000FC0000202EE9C8FD143E00202DE9F04F6D
:1024B0000E4601467B4895B04FF0000986F8009023
:1024C00047680760826842601392C268C0E90221CF
:1024D000754C08919346A1681291E068109006F03F
:1024E0000BF94FF00108B0F5000F01DB0546BFE026
:1024F00020F000404FF07E5106F0F4F805463846D3
:1025000005F086FE4FF0FF373A4606F0A0F9824606
:1025100009910791139805F07BFE3A4606F097F96A
:10252000CDE90401CDE90C01584605F071FE834662
:102530003A46039106F08BF9CDE90E01089805F0B3
:1025400067FE3A4606F083F9DDE90E23074601915E
:1025500005F074FDDDE90C2305F070FD5246099B82
:1025600005F0BEFB05F08AFB0890CDF818A0584690
:1025700000224E4BDDF804A0039905F061FC3A46B9
:10258000534605F05BFDDDE9042305F057FDDDE969
:10259000062305F053FD05F071FB8246139FE069A9
:1025A000A0610290206AE061834621690091089849
:1025B00005F0CCFF514605F057FE009905F0C6FF27
:1025C000394605F051FE38492062091D024681F85E
:1025D0000080207810F001002070824625D1A0787C
:1025E00001282CD01146584605F0B0FF074684F864
:1025F0000280E078DFF8B8B0012829D084F80380A1
:102600004FEA070005F004FE5A462A4B05F018FC75
:1026100083460491129805F0FBFD5A46049B05F091
:102620005FFB05F02BFB6761A0600AF101002070E1
:102630006078401CC0B2607002280ED013E01046D3
:10264000029906F059F8594605F080FF0746D0E791
:102650003846616906F050F8D4E71349091D81F83E
:10266000018084F80190A168109805F065FE206152
:102670000D48E560001D0178002910D080F8009019
:1026800042784946002A0AD04170206AB0F5000F0E
:1026900002DB86F8018000E0717086F8008015B0DA
:1026A000BDE8F08F043E0020D80000200000F83F75
:1026B000107A36AB3E579B3FF8B50024009490F853
:1026C00024202546012A12D0012280F824204A68BD
:1026D0001F23072A0DD20668776B521E02EB820277
:1026E00093409F430B6893401F43776319E0022098
:1026F000F8BD06680D2A0AD2376BD21F02EB8202A0
:1027000093409F430B6893401F43376309E0F76A88
:102710000D3A02EB820293409F430B6893401F43A4
:10272000F7620A68072306680A2A0AD3F7680A3A92
:1027300002EB420293409F438B6893401F43F76034
:1027400008E0376902EB420293409F438B68934055
:102750001F4337610A68102A01D0112A20D1124B79
:1027600002689A4217D193681B0219D4936843F404
:10277000000393600968102912D10C490C4A0968BA
:10278000B1FBF2F101EB8101490000E0491E00912B
:102790000029FBD104E0816A41F02001816201241B
:1027A00080F824502046F8BD00240140400000205D
:1027B00040420F0038B500680D49884217D10D4DD1
:1027C00095F82800002812D00B480088ADF80000CA
:1027D000002408E055F8240000231A46694603F057
:1027E00077F9641CE4B295F82800A042F2D838BD0D
:1027F0000024014014380020CC00002070477047AE
:102800002DE9F0414FF0000704003D467ED0A06A5C
:10281000002628B9E66284F82460204600F07EF89D
:102820002046FFF743FBA16AC90600D420B1A06A85
:1028300040F01000A06269E0A16A21F4885141F0E3
:102840000201A1626268E169237B0A4347EA43010E
:102850000A43A1684FF48077B94209D0012907D013
:102860005FF0000194F814C0BCF1010F02D00AE03F
:102870003946F7E7F3B1A36A43F02003A362E36AA2
:1028800043F00103E3622368D3F804C02CF4694CDD
:102890004CEA010CC3F804C021688B68DFF870C0F3
:1028A00003EA0C0313438B60A168B9420BD00129E2
:1028B00009D00CE0DFF85CC0A3690CEB43330B4399
:1028C00043F40061DFE7218A0D05A5F58015216835
:1028D000CB6A23F470032B43CB62216889680E4BCB
:1028E0001940914208D1E662A16A21F0020141F04B
:1028F0000101A162BDE8F081A06A20F0020040F071
:102900001000A062E06A40F00100E0620120F1E7FF
:10291000FDF7E1FF00E0FFFFFE0E1FFF70B586B080
:102920000025064600950195029503950068194912
:1029300088422DD11849886940F4007088618869FF
:1029400000F400700490886940F004008861886990
:10295000694600F0040004900120009003200190DB
:102960000E4800F03BFA0F4C0D48C4E900058015F5
:10297000A560C4E90350800060612020C4E9060519
:10298000204600F0B3F908B1FFF709FD3462666232
:1029900006B070BD00240140001002400008014054
:1029A00008000240880100202DE9F04789460446CE
:1029B0003B4900683B4F0E1D9046884201D0B8420B
:1029C00007D1306810F4702F03D001252846BDE8E8
:1029D000F08794F8240001280CD0012084F824000A
:1029E0002046FFF7C7FA05004FF0000004D084F836
:1029F0002400EBE70220EAE7A16A40F60162914376
:102A000041F48071A1622168B94218D1326812F490
:102A1000702F14D0A16A41F48011A1623168490578
:102A200005D5A16A21F4005141F48051A162A16A47
:102A3000C9040AD5E16A21F00601E16206E0A26A52
:102A400022F48012A2624968E9E7E06284F8240077
:102A5000216A15488862216A1448C862216A1448AC
:102A6000086321686FF0020008602068816841F403
:102A700080718160216843464A464C31206A00F0EB
:102A800063F920688168C1F342410729816803D056
:102A900041F48011816099E741F4A001FAE7000058
:102AA0000024014000280140031F00086B1F00089C
:102AB000511F000810B590F821100022022905D0FE
:102AC0000421816380F82020012010BD01680B687B
:102AD00023F00E030B6001680B6823F001030B6009
:102AE00090F84030C46B012101FA03F3636080F871
:102AF000211080F82020104610BD000010B590F87D
:102B000021100024022903D00421816301243DE027
:102B100001680A6822F00E020A6001680A6822F061
:102B200001020A601A4A0168914201D1012121E0A3
:102B3000174A1432914201D110211BE0144A283265
:102B4000914201D1891515E0114A3C32914201D1DF
:102B500089140FE00E4A5032914202D14FF4803175
:102B600008E00B4A6432914202D14FF4801101E037
:102B70004FF08071064A083A5160012180F8211017
:102B8000002180F82010416B01B18847204610BD1C
:102B900008000240806B70472DE9F05FC16B0C6844
:102BA00001680B68D0F840C0042202FA0CF2494DCB
:102BB000DFF824A1494E4A4FDFF828B1DFF828E1B9
:102BC00022422CD05A072AD50A68920603D40A68F2
:102BD00022F004020A600168A94201D1042219E02E
:102BE000514501D1402215E0B14202D14FF480623B
:102BF00010E0B94202D14FF480420BE0594502D1B6
:102C00004FF4802206E0714502D14FF4800201E0CA
:102C10004FF080622F4908394A60C16A3BE04FF0AB
:102C2000020808FA0CF818EA040F4FF000094FF0F8
:102C3000010235D05FEA837832D50B689B0605D454
:102C40000B6823F00A030B6080F821200168A94279
:102C500001D1022219E0514501D1202215E0B142F3
:102C600002D14FF4007210E0B94202D14FF4005289
:102C70000BE0594502D14FF4003206E0714502D114
:102C80004FF4001201E04FF00072124908394A6017
:102C900080F82090816A00291AD0BDE8F05F0847CB
:102CA000082505FA0CF5254212D01B0710D50B6834
:102CB00023F00E030B6090F84010C36B02FA01F191
:102CC0005960826380F8212080F82090016BE2E750
:102CD000BDE8F09F080002401C00024030000240A6
:102CE00044000240580002406C00024030B528B356
:102CF00008C8134914221944B1FBF2F18900C163D9
:102D000010498163022141771A6843F6F0718A43C2
:102D1000D0E900142143D0E902452C432143046942
:102D200021434469214384692143114319600021EF
:102D30004163012242770177084630BD012030BD52
:102D4000F8FFFDBF0000024070B5044690F8200077
:102D5000002501280CD0012084F8200094F821607F
:102D60000020012E06D084F820000225284670BDE0
:102D7000022070BD022684F82160A06320680668E6
:102D800026F0010606602046FFF7ECF9E06A00280D
:102D90002068016802D041F00E0106E021F0040134
:102DA00001602068016841F00A0101602068016843
:102DB00041F001010160D9E770B5044600F004F963
:102DC0000546601C02D004480078044400F0FCF87A
:102DD000401BA042FAD370BD340000202DE9F84F0B
:102DE000DFF8B8910024A9F1040B23460F2709F15D
:102DF000040AABF1040EC9E00125A5402A40AA420D
:102E00007DD1674ED1F804C0ACEB0608B44532D092
:102E100014DCBCF1030F3AD009DCBCF1000F2AD05E
:102E2000BCF1010F1CD0BCF1020F31D11DE0BCF18F
:102E3000110F17D0BCF1120F2AD119E0B8F5881F75
:102E400019D006DCB8F5803F15D0B8F5801F1FD12A
:102E500011E0B8F5001F0ED0B8F5041F18D10AE034
:102E6000CB6815E0CB681B1D12E0CB6808330FE080
:102E7000CB680C330CE08B682BB1012B4FF00803AF
:102E800003D0456104E0042302E0056100E0002373
:102E9000FF2A01D8064601E000F104064FEA840546
:102EA00001D9A5F12005D6F8008007FA05FC28EA2B
:102EB0000C0803FA05F548EA0508C6F800804D68D5
:102EC000ED0062D5374DAE6946F00106AE61AD69E1
:102ED00024F0030605F001050095334D06EB050CC3
:102EE000DCF80850A607360F07FA06F825EA0805A9
:102EF000DFF8B880404503D14FF0000817E044E008
:102F0000DFF8AC80404502D14FF001080FE0DFF858
:102F1000A480404502D14FF0020808E0DFF8988015
:102F2000404502D14FF0030801E04FF0040808FAD1
:102F300006F848EA0508CCF808804D68D9F8006022
:102F4000ED024D4601D5164300E096432E604D68D4
:102F5000DAF80060AD02554601D5164300E096430D
:102F60002E604D68DBF80060AD035D4601D5164369
:102F700000E096432E604D68DEF80060ED03754674
:102F800001D5164300E096432E60641C0D682A4666
:102F9000E5407FF431AFBDE8F88F00000804014040
:102FA0000000111000100240000001400008014024
:102FB000000C014000100140001401400AB1016101
:102FC00070470904FBE70000014880687047000073
:102FD0003400002070B5040025D094F83D00002591
:102FE00020B984F83C50204600F050F9242084F8A1
:102FF0003D002068016821F001010160206801683E
:1030000041F4004101602068016821F40041016041
:1030100000F07EFB4D4A6168914201D84C4900E0C6
:103020004C49884201D2012070BD4B492368B0FB56
:10303000F1F15E6826F03F060E435E6063689342DE
:1030400006D94FF4967359434FF47A73B1FBF3F1F9
:103050002368491C1E6A26F03F06314319626168E5
:10306000914210D84900401EB0FBF1F2521CC2F34D
:103070000B02042A01D2042022E0B0FBF1F0401C34
:10308000C0F30B001CE0A268F2B301EBC10303EB39
:103090000116431EB3FBF6F35B1C43F480431B0590
:1030A00049D092B301EBC10202EB0111401EB0FB0B
:1030B000F1F0401CC0F30B0040F4804040F40040AD
:1030C0002168CA694CF6FF739A431043C861D4E97A
:1030D000071001432068026822F0C002114301601A
:1030E000D4E9030101432068826848F2FF339A4320
:1030F00011438160D4E9050108432168CA6822F0C0
:10310000FF021043C86001E00EE016E0206801688D
:1031100041F0010101602564202084F83D00256311
:1031200084F83E50002070BD01EB4106431EB3FB06
:10313000F6F35B1CB3E70120C2E701EB4101401E3F
:10314000B0FBF1F0401CC0F30B00B7E7A086010014
:1031500080841E0000093D0040420F002DE9FF4F12
:1031600083B09A46DDE9119793460446DDF8408026
:10317000FFF72AFF054694F83D0020287FD1192348
:10318000012240492046009501F056FA002876D1E8
:1031900094F83C00012872D0012084F83C0020689B
:1031A0000168C90703D1016841F00101016020688D
:1031B000016821F400610160212084F83D00402075
:1031C00084F83E0000262664C4F82480A4F82A90DF
:1031D000608D20852C48E062CDE9007553465A4643
:1031E0002046049901F0A8F970B930E02A46394622
:1031F000204601F0C7FA58B1206C042804D1206899
:10320000016841F400710160012007B0BDE8F08F52
:10321000606A216800780861606A401C6062218DE4
:10322000491E89B22185628D521E628522685369CA
:10323000DB435B070BD469B100781061606A401C06
:103240006062208D401E2085608D401E6085208D2F
:103250000028CBD12A463946204601F0C1F9002882
:10326000CAD154F83D0B016841F40071016020207F
:1032700004F81E09E67766770020C6E7FFE702201C
:10328000C3E70000020010000000FFFF10B586B089
:103290000021009101910291039100680F49884239
:1032A0001AD10F4CA06940F00800A061A0696946DE
:1032B00000F008000490C02000901220019003202C
:1032C00003900848FFF78AFDE06940F40010E061D0
:1032D000E06900F40010049006B010BD00540040F6
:1032E00000100240000C014002488168027811443D
:1032F0008160704734000020074810B5016841F034
:1033000010010160032000F0A7F80F2000F006F87C
:1033100000F050F8002010BD0020024030B50546F6
:103320001F4887B0C16941F00401C161C06906A9A5
:1033300000F00400009001A800F0CAF90498B0B1B0
:1033400000F0E6F940001749174AB0FBF1F11748C1
:10335000491E0260416040F2E7320021C0E90321CA
:103360008160816100F0E0FB040003D015E000F013
:10337000CFF9E8E70D4800F041FC04000DD11E2014
:1033800000F03CF8102D07D2002229461E2000F044
:1033900043F80748056000E0012407B0204630BD2F
:1033A0000010024040420F0000080040F4020020DC
:1033B000380000200F4808B5816941F001018161A2
:1033C000816901F001010091C16941F08051C16141
:1033D000C069002200F0805000900F21901E00F084
:1033E0001BF80548416821F0E06141F0007141603F
:1033F00008BD00000010024000000140002809DB69
:1034000000F01F02012191404009800000F1E020FE
:10341000C0F8001170470000F0B40E4B1B680C465A
:10342000C3F30223C3F10705042D00D90425191D98
:10343000072901D2002300E0DB1E012606FA05F170
:10344000491E214099409E40761E16403143F0BCF3
:1034500002F077B80CED00E0064900F007020868BA
:103460004FF6FF03184040EA0220034A1043086069
:10347000704700000CED00E00000FA0590FAA0F0A3
:10348000044AB0FA80F002EB80000121C0F88010FD
:103490007047000000000E420548016841F002013B
:1034A00001600448016841F00401016030BF7047C9
:1034B0000070004010ED00E02DE9F843054600786B
:1034C000354CC00754D0E0690026C00008D4E0693C
:1034D00040F08050E061E069012600F080500090EB
:1034E0002E480168C90512D40168804641F48071F4
:1034F0000160FFF769FD074605E000BFFFF764FDC7
:10350000C01B642823D8D8F80000C005F6D5206A6F
:1035100010F4407021D0A98801F4407181421CD080
:10352000206A1F49012220F440700A6000220A60CC
:103530002062C00711D0FFF747FD074641F28838E7
:1035400008E000BFFFF740FDC11B414502D9032041
:10355000BDE8F883206A8007F4D5206A696820F402
:103560004070084320621EB1E06920F08050E061A5
:103570002878800705D56068A96820F44040084392
:1035800060602878C00605D56068E96820F480008E
:10359000084360600020DBE700100240007000403C
:1035A000400442422DE9F0470F46050061D0434EEA
:1035B000306800F00700B84209D2306820F00700F8
:1035C00038433060306800F00700B84251D12868B5
:1035D0003B4C810712D5400703D5606840F4E0609A
:1035E00060602878000703D5606840F46050606030
:1035F0006068A96820F0F000084360602878C00780
:1036000028D06868012810D02168022810D08907C6
:1036100000292EDA616821F0030101436160FFF7A0
:10362000D3FC804641F288390DE021688903EFE739
:103630008901EDE7FFF7C8FCA0EB0801494502D975
:103640000320BDE8F0876068696800F00C00B0EB0B
:10365000810FEFD1306800F00700B8420BD9306815
:1036600020F0070038433060306800F00700B842AF
:1036700001D00120E5E72878400705D56068E968B2
:1036800020F4E060084360602878000706D5606891
:10369000296920F4605040EAC100606000F058F8E9
:1036A0006168084AC1F30311515CC84006490860CB
:1036B00006480068FFF732FE0020C2E70020024003
:1036C00000100240B68900084000002038000020A9
:1036D0000F2202600C4A536803F0030343605368EF
:1036E00003F0F0038360536803F4E063C36052683F
:1036F0004FF4E06303EAD20202610448006800F07C
:1037000007000860704700000010024000200240DF
:103710000448054900684968044AC1F30221515C24
:10372000C84070474000002000100240C6890008D1
:103730000448054900684968044AC1F3C221515C44
:10374000C84070474000002000100240C6890008B1
:103750000E4A51680E4801F00C03042B11D0082BBF
:103760000FD10C48C1F38343C903C05C0AD551682B
:10377000084AC1F34041921E515C054A5043B0FBD8
:10378000F1F07047044948437047000000100240C0
:1037900000127A00A689000800093D002DE9F84FC3
:1037A000040070D02078C04DC00749D06868C0F3CD
:1037B0008100012807D06868C0F38100022809D180
:1037C0006868C00306D52868800339D5606800287A
:1037D000E7D035E06068B0F5803F0BD010B1B0F5B0
:1037E000A02F11D0286820F480302860286820F4A9
:1037F000802002E0286840F480302860606890B142
:10380000FFF7E2FB06460AE0286840F480202860C3
:10381000F0E700BFFFF7D8FB801B642873D8286847
:103820008003F7D50CE0FFF7CFFB064605E000BFAD
:10383000FFF7CAFB801B6428F0D828688003F7D400
:1038400020789A4E80074FF001094FF0000839D5D3
:10385000686810F00C0F07D06868C0F38100022878
:1038600009D16868C00306D42868800714D5206988
:10387000012808D110E02069B0B1C6F80090FFF728
:10388000A3FB074605E00AE1FFF79EFBC01B0228E9
:10389000C4D828688007F7D52868616920F0F80047
:1038A00040EAC10028600DE0C6F80080FFF78CFBFD
:1038B000074604E0FFF788FBC01B022823D82868CE
:1038C0008007F7D4207800072CD57948A169D9B1B1
:1038D000C0F80090FFF778FB074604E0FFF774FBA1
:1038E000C01B02280FD8686A8007F7D571484FF4CB
:1038F000FA510068B0FBF1F0009000BF0098411E43
:103900000091FAD20EE080E0C0F80080FFF75CFB87
:10391000074604E0FFF758FBC01B022875D8686A09
:103920008007F7D42078400760D5E8690027C000F9
:1039300008D4E86940F08050E861E869012700F0A8
:10394000805000905C480168C90513D40168834623
:1039500041F480710160FFF737FB824606E000BF4B
:10396000FFF732FBA0EB0A0064284ED8DBF800001A
:10397000C005F5D5E06801280AD008B1052813D0A4
:10398000286A20F001002862286A20F0040002E082
:10399000286A40F001002862E06841F2883B98B153
:1039A000FFF712FB82460BE0286A40F00400286211
:1039B000EEE700BFFFF708FBA0EB0A0159455AD814
:1039C000286A8007F6D50CE0FFF7FEFA824605E08C
:1039D000FFF7FAFAA0EB0A0159454CD8286A80078C
:1039E000F6D41FB1E86920F08050E861E06988B33F
:1039F0006968C1F38101022944D00228C6F86080B9
:103A000004D0FFF7E1FA044638E034E0FFF7DCFACF
:103A1000074604E0FFF7D8FAC01B02282BD8286815
:103A20008001F7D4206AB0F5803F05D16868A168AD
:103A300020F4003008436860D4E90801084369684D
:103A400021F4741108436860C6F86090FFF7BCFA6F
:103A5000044606E025E000BFFFF7B6FA001B022887
:103A600009D828688001F7D51BE000BFFFF7ACFA42
:103A7000001B022802D90320BDE8F88F28688001C6
:103A8000F4D40EE00128F7D06868226A00F480318F
:103A9000914204D1616A00F47010884201D0012083
:103AA000EAE70020E8E70000001002400000424280
:103AB0008004424240000020007000407047704780
:103AC00070B590F83C20012A26D0012480F83C40B3
:103AD000022280F83D2003685A689D6822F0700633
:103AE0000A6832435A600D4B02689A4208D0B2F11C
:103AF000804F05D00A4B9A4202D00A4B9A4204D119
:103B0000496825F080031943916080F83D40002109
:103B100080F83C10084670BD022070BD002C0140AA
:103B2000000400400008004010B5040003D094F8E1
:103B30003D0010B107E0012010BD002084F83C00DA
:103B4000204600F01FF8022084F83D00211D206867
:103B500001F00AFB012084F8460084F83E0084F856
:103B60003F0084F8400084F8410084F8420084F863
:103B7000430084F8440084F8450084F83D000020A8
:103B800010BD000008B500680649884208D1064803
:103B9000C16941F00201C161C06900F002000090FA
:103BA00008BD0000000400400010024090F83D10E5
:103BB000012901D001207047022180F83D100068E2
:103BC0000B49884208D0B0F1804F05D0094988429E
:103BD00002D00949884204D1816801F00701062911
:103BE00003D0016841F0010101600020704700002E
:103BF000002C0140000400400008004090F83D10F7
:103C0000012901D001207047022180F83D10016890
:103C1000CA6842F00102CA6000680B49884208D0B5
:103C2000B0F1804F05D00949884202D00849884246
:103C300004D1816801F00701062903D0016841F031
:103C40000101016000207047002C01400004004089
:103C50000008004001680A6A41F211131A4207D1B4
:103C60000A6A9B101A4203D10A6822F001020A6014
:103C7000012180F83D100020704770B5044690F88F
:103C80003C000025012817D0012684F83C60022062
:103C900084F83D002068826822F0770222F47F4297
:103CA00082600868502838D00DDC20284FD005DC11
:103CB00090B3102811D14AE0022070BD302846D0C0
:103CC00040280AD13BE060282FD070280DD0B0F5F5
:103CD000805F03D0B0F5005F12D0012584F83D600D
:103CE000002084F83C00284670BDCB68D1E9012152
:103CF000206801F075FA2068816841F0770109E0D9
:103D0000CB68D1E90121206801F06AFA2068816856
:103D100041F480418160E1E719E0CA6849682068A0
:103D200001F070FA5021206806E0CA6849682068EE
:103D300001F079FA6021206801F05CFACEE7CA68E8
:103D40004968206801F05EFA40212068F4E72268A3
:103D500001461046F0E790F83C20012A0CD00122E1
:103D600000F83C2F0223437050F83C3C59614270EC
:103D700000210170084670470220704770472DE906
:103D8000F04104460068C66805694FF00007A907BE
:103D900013D5B10711D5F91E0161012020772068E4
:103DA00080698007204602D0FFF7E8FF04E000F0BA
:103DB0007EF8204600F07CF82777680716D5700754
:103DC00014D521686FF00400086102202077206874
:103DD000806910F4407F204602D0FFF7CFFF04E057
:103DE00000F065F8204600F063F82777280715D51E
:103DF000300713D521686FF0080008610420207790
:103E00002068C0698007204602D0FFF7B7FF04E0B2
:103E100000F04DF8204600F04BF82777E80616D55D
:103E2000F00614D521686FF0100008610820207793
:103E30002068C06910F4407F204602D0FFF79EFF43
:103E400004E000F034F8204600F032F82777E80765
:103E500008D0F00706D021686FF001000861204605
:103E600000F028F8280608D5300606D521686FF03E
:103E7000800008612046FFF721FE680608D570061D
:103E800006D521686FF040000861204600F01CF85C
:103E9000A8060AD5B00608D521686FF02000086191
:103EA0002046BDE8F041FFF70ABEBDE8F08170474B
:103EB0007047000000680349884201D1FFF714BA37
:103EC00070470000000800407047704770B5044616
:103ED00020680C3050E8001F21F4907140E8001277
:103EE000002AF5D12068143050E8001F21F00101AC
:103EF00040E80012002AF5D1206B012809D1206882
:103F00000C3050E8001F21F0100140E80012002A98
:103F1000F5D1206840694FF00005400615D52068AE
:103F2000143050E8001F21F0400140E80012002A40
:103F3000F5D1E06B48B14563E06BFEF7BBFD20B106
:103F4000E06BFEF727FE202806D0E585202084F8C8
:103F500042002563002070BD10206064032070BD06
:103F600070470000F8B5016804460868CA684B69E4
:103F700010F00F0F4FF0000559D003F0010602F4C6
:103F80009077374365D0C10705D0D10503D5616C63
:103F900041F001016164410705D5D90703D0616C87
:103FA00041F002016164810705D5D90703D0616C36
:103FB00041F004016164010707D502F0200131439B
:103FC00003D0616C41F008016164616C00293AD052
:103FD000800604D5900602D5204601F0BEF920687F
:103FE0004069616CC0F38010090700D460B32046BB
:103FF00001F07EF920684069400621D52068143020
:1040000050E8001F21F0400140E80012002AF5D1DD
:10401000E06BA8B16D494163E06BFEF76FFD0028CE
:1040200011D0E06B416B01B0BDE8F040084783065A
:104030000FD593060DD52046BDE8F84001F08DB9A7
:104040002046FFF78DFFF8BD2046FFF789FF656426
:10405000F8BD266B2023012E7CD1C6067AD5D60664
:1040600078D508684868009048694FF00206400615
:1040700040D5E16B086840680004000CE8D0A28DD0
:104080008242E5D9E085886920282DD020680C304F
:1040900050E8001F21F4807140E80012002AF5D199
:1040A0002068143050E8001F21F0010140E80012A0
:1040B000002AF5D12068143050E8001F21F040019B
:1040C00040E80012002AF5D184F8423025632068C8
:1040D0000C3050E8001F21F0100140E80012002AC7
:1040E000F5D1E06BFEF7E6FC6663A08DE18D401A2A
:1040F00081B22AE0A08DE18D401A81B2E08D0028C6
:10410000A6D00029A4D022680C3252E8000F20F477
:10411000907042E80007002FF5D12068143050E875
:10412000002F22F0010240E80027002FF5D184F88B
:104130004230256320680C3050E8002F22F0100236
:1041400040E80023002BF5D166632046FFF7BDFE53
:10415000F8BDFFE705062BD5150629D594F84100D3
:104160002128F5D1A068B0F5805F01D12069B0B1F8
:10417000206A411C2162216800784860E08C401E62
:104180000004000CE084E3D12068C16821F08001C4
:10419000C1602068C16841F04001C160D8E7206A71
:1041A0000088C0F308004860206A801C2062E5E7B0
:1041B0004006CDD55006CBD5CA68204622F0400235
:1041C000CA6084F8413000F01DF9C1E74B52000885
:1041D00070B5040004D094F84100002510B106E049
:1041E000012070BD84F84050204600F023F82420C0
:1041F00084F841002068C16821F40051C160204664
:1042000001F00CF92068016921F4904101612068F6
:10421000416921F02A0141612068C16841F40051DF
:10422000C1606564202084F8410084F84200656321
:10423000002070BD70B586B000250646009501953A
:10424000029503950068224988423FD12149886937
:1042500040F480408861886900F480400490886957
:1042600040F00400886188691B4C00F00400049051
:1042700048150090022001900320039069462046D3
:10428000FEF7ACFD2015CDE90005694620460295F4
:10429000FEF7A4FD124C114820601020C4E901056E
:1042A0008020C4E903056561A5612046E561FEF74C
:1042B0001DFD08B1FEF773F8B46300220521252027
:1042C0006662FFF7A9F82520FFF798F806B070BDE1
:1042D0000038014000100240000801404400024044
:1042E000B002002090F84230202B01D0022070470D
:1042F00021B11AB10023036301F0ECB8012070472B
:10430000F8B500681C49884235D11C4C1C4D00266C
:1043100020786178295430B12A1812F8012C0D2A1E
:1043200001D10A2911D0401CC0B22070402804D30A
:10433000267040211248FCF730FABDE8F8400F49DA
:104340000122491C0F48FFF7CDBF00F009FE22787B
:104350000B49A81800F8016C01F14000FCF7D0F9F6
:10436000074800234030009007481A466946006815
:1043700001F0AEFBDCE7F8BD00380140CE000020C4
:1043800040380020680200202800002070B5044654
:1043900090F84100202801D0022070BD49B342B3FB
:1043A0002162A284E28400206064212384F84130E9
:1043B000A56B114BAB62A56B104BEB62A56B104B61
:1043C0002B63A36B5863256813462A1DA06BFEF769
:1043D000BBFC21686FF0400008602068143050E892
:1043E000001F41F0800140E80012002AF5D10020B2
:1043F00070BD012070BD0000A5520008E752000802
:104400005B52000870477047F0B5C0F34012C0F32C
:10441000C003C0F300177B40C0F34004C0F3800525
:1044200053406C405440C0F380167340744000F019
:1044300001029B006A4043EA44037A4072401343FE
:10444000022202EAD00204242A4304EAD0042243CE
:10445000082404EAD00422430A70032B06D0052B5B
:1044600007D0062B08D0072B09D00BE082F0010201
:1044700007E082F0020204E082F0040201E082F030
:1044800008020A70C0F30032C0F38023C0F3C026D4
:104490007340C0F30024C0F3402753407C40544095
:1044A000C0F340356B406C40C0F3C0129B007A40B3
:1044B00043EA440372406A4013431022202402EA74
:1044C000501204EA90142243402404EA9014224338
:1044D000802404EA90100243087802430A70032BF8
:1044E00008D0052B09D0062B0BD0072B08D182F062
:1044F000800004E082F0100001E082F020000870EB
:10450000F0BD82F04000FAE7FEE701684A69D24355
:1045100052050FD46FF480624A61002140F8301FC9
:10452000202242738173026942F004020261017326
:1045300001207047002070472DE9F84304460068C9
:104540000D46DDE9089701689846164641F48071EA
:1045500001604B4600224FF001112046009700F009
:104560006BF848B120680068C00502D54FF40070B0
:1045700020640320BDE8F883216805F0FE0008618F
:104580003B464A461549204600F09EF888B9206807
:104590004169806900903A464946204600F0F2F8A9
:1045A00048B1206C042804D12068016841F40071EE
:1045B00001600120DEE7F5B2B8F1010F09D02168F2
:1045C000300A08613A464946204600F0DBF80028E8
:1045D000E7D1206805610020CCE70000020001005F
:1045E00070B516460D4604461EE02046FFF78DFFC7
:1045F00008B1012070BD681C16D0FEF7E5FC801BD9
:10460000A84200D885B920684069C04340070BD54F
:10461000002044F8300F20216173A073216941F01C
:10462000200121612073E4E720684069C04340070E
:10463000DBD4002070BD00002DE9F04798461746F6
:104640000D460446C1F30746DDF820902AE000BF7E
:10465000B8F1FF3F26D0FEF7B7FCA0EB09014145BA
:1046600002D8B8F1000F1DD12068012E16D0806944
:1046700025EA00000004000C12D00020B84211D13D
:10468000002044F8300F20216173A073216941F0AC
:104690002001216120730120BDE8F0874069E7E730
:1046A0000120EBE72068012E0AD0806925EA00008E
:1046B0000004000C06D00020B842C9D00020EBE76F
:1046C0004069F3E70120F7E72DE9F04798461646E1
:1046D0000D4604464FF000094FF0200AC1F307478A
:1046E00023E020684069C043400515D42068016874
:1046F00041F40071016021686FF480604861C4F882
:10470000309084F83DA084F83E90216C41F0040183
:10471000216484F83C9021E0701C06D0FEF754FC24
:10472000A0EB0800B04203D816B1012F1FD021E042
:104730002068012F15D0806925EA00000004000CD4
:1047400018D000BF44F8309F84F80DA084F80E9074
:10475000216941F02001216184F80C900120BDE81D
:10476000F087406925EA00000004000CEAD12068C7
:10477000406901E02068806925EA00000004000C1F
:10478000AFD1ECE770B516460D4604461EE0204654
:10479000FFF7BBFE08B1012070BD681C16D0FEF704
:1047A00013FC801BA84200D885B920684069C0432B
:1047B00000060BD5002044F8300F20216173A07350
:1047C000216941F0200121612073E4E720684069FC
:1047D000C0430006DBD4002070BD00003EB50024BD
:1047E00011480094019402940E498460016004739E
:1047F0000475012505614FF400214460C161FDF796
:10480000FFFF08B1FDF7CBFD02200094CDE9015078
:1048100069460548FDF750FF002801D0FDF7BFFDB0
:104820003EBD000000240140580100200D4808B59D
:10483000416941F0010141614069002200F001003D
:10484000009005210B20FEF7E7FD0B20FEF7D6FDBB
:10485000002205210E20FEF7DFFDBDE808400E20F6
:10486000FEF7CCBD0010024010B5124A0021012015
:1048700001F020FA104C0F4A0221E062483A082069
:1048800001F0FAF80B4A04212062303A084601F0A0
:10489000F3F8084A04216062183A084601F0ECF87F
:1048A000044AA0626C3A0021044801F07DFAE061FC
:1048B00010BD000094890008000000200D50000881
:1048C0002DE9F04385B0002435480094019402940A
:1048D0000394816941F010018161816901F0100147
:1048E0000491816941F020018161816901F0200119
:1048F0000491816941F004018161816901F0040141
:104900000491816941F0080181618069012200F010
:104910000800244F5503049029463846FEF74EFB05
:10492000DFF88490002223214846FEF747FBDFF89A
:104930007C8000224FF410614046FEF73FFB00955B
:10494000022601250396CDE9015469463846FEF753
:1049500045FA0320CDE90005CDE902406946484605
:10496000FEF73CFA28028DE861006946404603964E
:10497000FEF734FAE802CDE90005CDE902466946C2
:104980004046FEF72BFA2020CDE90005CDE902468E
:1049900069464846FEF722FA05B0BDE8F0830000FC
:1049A0000010024000100140000C014000080140CE
:1049B0000D4810B50B4901600C49416000214FF4CE
:1049C00080428160C0E9031241618161C16101627D
:1049D000FEF700FB002803D0BDE81040FDF7DFBC68
:1049E00010BD000000540040CC010020A086010052
:1049F00010B586B0002417480094019402940394E3
:104A00000494134905940160C721C0E901143B21B6
:104A1000C0E903148461FFF787F808B1FDF7BFFC14
:104A20004FF48050009069460A48FFF726F908B114
:104A3000FDF7B5FC2020CDE9040404A90548FFF7E3
:104A40003FF8002801D0FDF7AAFC06B010BD000019
:104A500000040040200200200C4810B50A49016003
:104A60004FF416514160002181600C22C160C0E901
:104A700004128161C161FFF7ABFB002803D0BDE8E0
:104A80001040FDF78CBC10BD0038014068020020CA
:104A90002DE9F047294A2A4C1178112904D044F80D
:104AA0002100491C11700CE05FF0010104EB81034F
:104AB00054F82120491CC9B243F8042C1129F5D31C
:104AC00020642049206A03F041FD8146616AE06963
:104AD00003F0CAFB1C4903F039FD8046A16AA069B6
:104AE00003F0C2FB194903F031FD0746216B206931
:104AF00003F0BAFB164903F029FD0646A16BA06836
:104B000003F0B2FB134903F021FD0546216C206838
:104B100003F0AAFB104903F019FD294603F0A4FB9A
:104B2000314603F0A1FB394603F09EFB414603F0FA
:104B30009BFB4946BDE8F04703F096BBD000002040
:104B4000C039002058FD223F0203003FCA51593EA0
:104B500007DB2DBDE504953CA39325BCFEE70000D3
:104B6000084910B5096858B14F20886201210548ED
:104B7000FFF7F1F80448006ABDE8104000F0DCBF20
:104B8000C720F2E72002002000000020FEE700001E
:104B900070B50E4E4FF0FF31706800F0DEFF00245C
:104BA0000021204600F0DEF80025002000F060F92A
:104BB0006D1CEDB2802DF8D3641CE4B2082CEFD349
:104BC0007068BDE8704001F025B80000C400002006
:104BD0001FB500F08DF8E020009011200190022018
:104BE000074C0290039069462046FEF7F7F8002232
:104BF000E0212046FEF7E2F9642000F0B7FE1FBD79
:104C0000000C01401FB500200290202000900120E0
:104C100001900320094C039069462046FEF7DEF818
:104C2000012220212046FEF7C9F93220FEF7C4F800
:104C3000FFF7BEFE00F004F81FBD0000000C0140AD
:104C40001FB5294B294C0FCB8DE80F00606818B9B0
:104C5000684600F0ABFF60604FF0FF3100F07DFF71
:104C6000AE2000F0F3F8D52000F0F0F8802000F03E
:104C7000EDF8A82000F0EAF83F2000F0E7F8D32094
:104C800000F0E4F8002000F0E1F8402000F0DEF849
:104C9000A12000F0DBF8C82000F0D8F8DA2000F0FE
:104CA000D5F8122000F0D2F8812000F0CFF8CF2004
:104CB00000F0CCF8D92000F0C9F8F12000F0C6F8D7
:104CC000DB2000F0C3F8302000F0C0F8A42000F092
:104CD000BDF8A62000F0BAF800F00AF8FFF758FF78
:104CE000606800F097FF1FBDC08F0008C40000205F
:104CF00010B50D4C2078002814D04FF0FF316068BB
:104D000000F02BFFAE2000F0A1F88D2000F09EF8FF
:104D1000102000F09BF8002020706068BDE8104073
:104D200000F078BF10BD0000C400002010B50C4C8E
:104D30002078002813D1411E606800F00EFF8D20FE
:104D400000F084F8142000F081F8AF2000F07EF825
:104D5000012020706068BDE8104000F05BBF10BD0E
:104D6000C400002010B50C4640F0B00000F06EF812
:104D7000102040EA141000F069F804F00F00BDE8BC
:104D8000104000F063B800002DE9F047DFF87490A0
:104D90000C4607464FF0FF3815464146D9F8040047
:104DA00000F0DBFEE6007800083E801EF1B2C0B2E3
:104DB000FFF7D8FF1448002400EB05152819A0F5CB
:104DC000805090F8000E00F053F8641CE4B2082CF8
:104DD000F4D308EB4700F1B2C0B2FFF7C3FF0024E1
:104DE0002819A0F5805090F8080E00F041F8641CD6
:104DF000E4B2082CF4D3D9F80400BDE8F04700F081
:104E000009BF0000C4000020D08900082DE9F0414E
:104E100015460F468046FFF789FF0B4E4FF0FF31D6
:104E2000706800F09AFE002406E03819C1B24046CE
:104E3000FFF7AAFF641CE4B22A5D002AF5D170686E
:104E4000BDE8F04100F0E6BEC400002001B584B02A
:104E50000121642204A88DE807000B460022782176
:104E60000248FEF77BF905B000BD0000CC01002030
:104E700001B584B00121642204A88DE807000B4627
:104E8000402278210248FEF769F905B000BD000014
:104E9000CC01002010B500F087FD024948600020D9
:104EA000087010BD0C01002008B5FFF7F3FF41F2B8
:104EB0008835244C4FF4FA7600F076FD6168411A8B
:104EC000207810B1012838D105E0A94235D9FFF783
:104ED0000FFF012002E0A94202D2002020702CE046
:104EE00047F23050814228D91748007828BB022069
:104EF0002070FFF74DFE012114A20846FFF786FF40
:104F000040F6B83000F032FD00F068F8FDF79CF88C
:104F1000FFF75EFE1048C16941F08051C161C06970
:104F200000F0805000900D48016841F004010160DC
:104F30008015FEF7A3FAFEF7AFFA304600F016FD33
:104F4000BAE700000C0100200000002054696D65E4
:104F500032536C6565700000001002400070004024
:104F600010B500F021FD0149486010BD0C01002082
:104F700010B5012203490448FDF716FDBDE81040B5
:104F800000F014B8CC00002058010020064991F828
:104F900028200A2A07D291F8282041F8220011F887
:104FA000280F401C087070471438002070B509485D
:104FB000FEF7FCFD0024084D06E000BF55F8240074
:104FC00000F0BAFD641CE4B295F82800A042F5D8C0
:104FD00070BD0000200200201438002070B5094880
:104FE000FEF738FE0024084D06E000BF55F8240007
:104FF00000F0A2FD641CE4B295F82800A042F5D8A8
:1050000070BD000020020020143800207CB5FFF79E
:10501000F9FDFDF739F8FFF7BBFD01211AA208469B
:10502000FFF7F4FE1B491820CDE9000100234FF4DF
:10503000807219A11C4802F09DFB164C083C012807
:10504000606020D104F110001025CDE9005000234C
:10505000802216A1184802F08DFBE060012812D1D1
:1050600004F11800CDE900500023802213A1164856
:1050700002F080FB6061012805D100F093FEBDE8DD
:105080007C4000F0D6BE7CBD54696D6532576F72AE
:105090006B000000080000206A756467656D656E2E
:1050A000745461736B000000E55500086D657373FF
:1050B0006167655461736B00BD570008706F776559
:1050C000725461736B000000A94E000810B54FF0D8
:1050D000E020006902F0ACFB012803D0BDE81040DD
:1050E00001F08CBE10BD30B593B028216846FBF7A7
:1050F00076FB14210AA8FBF772FB002401210F9410
:1051000010940804CDE90010119412940294022521
:105110000491CDE90750800009906846FEF73EFBF8
:1051200008B172B6FEE70F20CDE90A054FF48060A2
:10513000CDE90C4000210AA80E94FEF733FA08B11D
:1051400072B6FEE70FA80F951194FEF7B5F9002887
:1051500001D072B6FEE713B030BD70470148FEF7CC
:105160000EBE0000F4020020F0B50268194B1A4C84
:105170001A4D4FF08047984205D0B84203D0A04264
:1051800001D0A84203D122F070064A683243984207
:1051900005D0B84203D0A04201D0A84203D122F4E6
:1051A0004074CA6822434C6922F0800222430260A4
:1051B0008A68C2620A688262984201D10969016301
:1051C000012141610169C90703D0016921F0010191
:1051D0000161F0BD002C01400004004000080040C7
:1051E00010B5846842EA032224F47F440A43224330
:1051F000826010BD826822F070020A4342F007010B
:105200008160704710B5036A046A24F001040462E7
:10521000846924F0F00444EA021423F00A020A43E9
:105220008461026210BD10B5036A046A24F01004A0
:105230000462846923F0A00324F4704444EA023237
:1052400043EA01118261016210BD10B5406A00217C
:10525000C185C184FEF784FE10BD70B5446A206824
:10526000406994F84110C0F3C0100025212904D1F1
:1052700018B1E584204600F062F82068406994F88F
:105280004210C0F38010222904D118B1E5852046D0
:1052900000F02EF8606C40F0100060642046FEF7CD
:1052A0005FFE70BD10B50146406A0968096889064D
:1052B00016D40021C1840168143151E8002F22F076
:1052C000800241E80023002BF5D101680C3151E840
:1052D000002F42F0400241E80023002BF5D110BD21
:1052E000FFF790F810BD10B5406AFFF78CF810BDBD
:1052F00001680C3151E8002F22F4907241E800233C
:10530000002BF5D10168143151E8002F22F0010281
:1053100041E80023002BF5D1016B012909D1016877
:105320000C3151E8002F22F0100241E80023002B3D
:10533000F5D1202180F842100021016370470168F7
:105340000C3151E8002F22F0C00241E80023002B6D
:10535000F5D1202180F84110704708B590F842102F
:10536000222901D0022008BD82684FF480539A425E
:1053700001D1016921B1816A9A421BD04AB10AE088
:105380000268816A5268C2F308020A80816A891C35
:1053900008E0026972B10268526802F07F020A7086
:1053A000816A491C8162C18D491E0904090CC185AD
:1053B00003D01BE002685268F1E70168CA6822F076
:1053C0002002CA600168CA6822F48072CA6001685B
:1053D0004A6922F001024A61202180F8421000212E
:1053E0004163026B012A03D0FEF78AFF002008BD4B
:1053F000016301680C3151E8002F22F0100241E8EE
:105400000023002BF5D101680A68D20602D50A688C
:1054100049680091818DFEF758FDE7E770B50446B5
:1054200000680169E26821F440511143016121697A
:10543000A0680843616908432168CA6841F20C63A7
:105440009A430243CA6020684169A26921F440710D
:10545000114341611E492068884202D1FEF768F974
:1054600001E0FEF755F900EBC00101EB00126068A6
:1054700064218000B2FBF0F3B3FBF1F36FF0180688
:105480007343B2FBF0F5B2FBF0F605EB8305322374
:1054900003EB0515B5FBF1F5B6FBF1F605F0F005EC
:1054A00005EB0615B2FBF0F6B2FBF0F0B0FBF1F045
:1054B0006FF01802504306EB800003EB0010B0FBC6
:1054C000F1F0216800F00F002844886070BD0000F2
:1054D0000038014081628285C28500214164222119
:1054E00080F84210016921B10168CA6842F48072F3
:1054F000CA6001684A6942F001024A610068C168F5
:1055000041F02001C1600020704700000148FEF713
:1055100029BD000068020020FEE7490050EAC120D2
:1055200018BF04204A0D18BF40F0010040F2FF727E
:10553000B2EB515F08BF40F00200012808BF052010
:1055400070470907090E002804DB00F1E02080F80D
:105550000014704700F00F0000F1E02080F8141DE7
:10556000704730380A2801D2012070470020704768
:105570002DE9F041040006D0184E306884420AD16B
:105580000020BDE8F081502080F31188BFF34F8FD9
:10559000BFF36F8FFEE701F063F96569776BB66B58
:1055A00001F07EF9BD4201D0B54201D10220E8E709
:1055B0000B48854208D1A06A0028F7D194F858001A
:1055C0000128F3D00320DCE705481438854202D0D7
:1055D0000DB10120D5E70420D3E7000044000020EE
:1055E0002C0800200020A0B05B4C8DF860008DF8E6
:1055F000610017903227064605468346804681465D
:105600001D9003901B90BA46206AFFF7BFFCFFF77E
:10561000AFFC00BF4FF0FF33002202A9206A00F068
:10562000F9F90028F6D1207888B101283AD002286B
:10563000F0D1B8F1000F76D0BAF1000F59D0BDF813
:105640000810AAF10100894400F0FF0AE2E7BDF862
:10565000080002F067FF414902F078FFFFF718FAEF
:10566000FCF7C6FC18A9FCF721FF9DF86000012893
:10567000D0D19DF8610005A9FCF794FE0028C9D09F
:10568000FFF76EFCFFF7AAFC412205A93448FBF79F
:1056900037F8334800231E901A461EA9606A00F0AE
:1056A00017FAB7E72FB1BDF808007F1E0644FFB216
:1056B000B0E76D1CADB2322729462AA0FCF700FDE9
:1056C0005E4501D9B3461D950026A5F5A850903832
:1056D000A0D127A01D99FCF7F3FCB3465D46CDF899
:1056E00074B0FFF73DFC022020702078FFF738FAF5
:1056F00090E7FFF735FC17984FF0320A401C80B254
:10570000179003994FF00008894503D9CDF80C9004
:1057100017981B9017984FF00009B0F5876F03D2C8
:1057200016A0FCF7CDFC0BE016A01B99FCF7C8FCFB
:10573000002003901B90179020702078FFF710FA3C
:105740000021E06A00F088FA0028AAD14FF0010891
:10575000206A00F0F1F95DE7000000206740533A4D
:10576000140100205363616E436E743A2564000097
:10577000436F446F6E653A2564000000476F4F6EBB
:1057800000000000446F6E653A256400FDF7B4FD2B
:10579000FFF7A9FCFFF794F8FFF748F8FFF708F9BF
:1057A000FFF71CF8FFF724F9FFF756F900F004F9AA
:1057B000FFF75AF800F012F9FEE7000092B0082057
:1057C00001F098FB564C01462063606A01F02CFB07
:1057D000216BA06A01F028FB4FF0FF352946206BB2
:1057E00001F0A9FEA66AB0425BD100231A4611A9B6
:1057F000304600F00FF90028F0D1042249A1119899
:10580000FAF727FF60B1052248A11198FAF721FFA6
:1058100080B1032247A11198FAF71BFFC0B11FE026
:10582000FFF79EFB44A0FCF76FFC1E2000F09EF8E3
:10583000012008E0FFF794FBE06A00F087FA207887
:1058400002280DD0022020702078FFF789F907E0A8
:10585000FFF786FBFCF7F0FC98B139A0FCF730FCB1
:105860003BA16846119EFAF7B1FE31466846FAF749
:105870003BFFFFF78DF901216A460846FFF7C6FA9C
:10588000ACE7FCF7A3FC0A2190FBF1F201FB12024A
:1058900090FBF1F1002A00DA52422EA0FCF710FC36
:1058A000DEE7666AB04299D100231A4611A9304654
:1058B00000F0B0F8002891D1FFF752FB28A168460C
:1058C000119EFAF783FE31466846FAF70DFFFFF79F
:1058D0005FF901216A460846FFF798FA032215A1ED
:1058E0001198FAF7B6FE20B91198FAF793FE03283B
:1058F00013D001221BA11198FAF7ABFE20B9119821
:10590000FAF788FE012808D0012217A11198FAF7AA
:10591000A0FE10B91198FAF77DFEFFF747FB5DE78F
:10592000000000205363616E00000000436C6F7341
:105930006500000054454D00526561647900000027
:1059400054656D703A496E69744572726F720000E9
:1059500042743A0054656D703A25642E2564000047
:1059600052653A00300000003100000010B5EFF33E
:10597000058111B16FF0050403E0002408B101F0C6
:1059800073F8204610BD000010B501F051FF38B18A
:10599000022804D003480068012800D0002010BD70
:1059A000032010BD94000020EFF3058008B101F042
:1059B00053BF01F04BBF0000EFF3058010B16FF053
:1059C000050070470448016811B14FF0FF3070477F
:1059D00001210160002070479400002010B5EFF312
:1059E000058010B16FF0050010BD0848016801295D
:1059F00002D04FF0FF3010BD054A002182F8141D7F
:105A00000221016001F028F9002010BD940000205F
:105A10000BE000E0F8B51D466FF003026FF00206E0
:105A20004FF00004EFF30583A3B1F0B1E9B1E5B99C
:105A3000002200926A4601F031FD012817D100983A
:105A4000B0B10C494FF080500860BFF34F8FBFF3E7
:105A50006F8F0DE048B141B12A4601F083FC012867
:105A600006D025B16FF0010402E0144600E0344690
:105A70002046F8BD04ED00E0F8B514464FF00005EF
:105A8000EFF3058212BB08B301B3A4B1D4E902322B
:105A900063B1542A1AD32269C2B1676900FB01F6C7
:105AA000B74213D3009501F04AFA07E072B92269B0
:105AB00062B9626952B9002201F020FA050005D0EE
:105AC0000CB1216800E0002100F06CFF2846F8BD11
:105AD000F8B51D466FF003026FF002064FF00004A8
:105AE000EFF30583ABB100B3F9B1F5B9002213466A
:105AF00000926A4601F056FB012818D10098B8B10F
:105B00000C494FF080500860BFF34F8FBFF36F8F89
:105B10000EE050B149B100232A4601F087FA01286E
:105B200006D025B16FF0010402E0144600E03446CF
:105B30002046F8BD04ED00E010B5EFF3058111B18A
:105B40006FF0050404E028B10024214601F02AFA90
:105B5000204610BD6FF00304FAE72DE9F0410D4631
:105B6000014621F0010001F001014FF00004EFF3C4
:105B700005820AB1A41F16E048B100296FF00106A2
:105B80006FF00207294608D001F09AFD07E06FF098
:105B9000030408E035B1344605E001F0D5FC0128E6
:105BA000F8D100E03C462046BDE8F08170B50546DE
:105BB0004FF00004EFF3058050BB0DB1686800E0C2
:105BC0000020C10701D0012600E0002600071FD4F5
:105BD0006DB1D5E9021021B1542819D31EB10420AA
:105BE00002E020B114E0012001F077F905E00EB1E8
:105BF000042000E0012001F065F9040008D00DB197
:105C0000296800E0002100F0CDFE0EB144F001044F
:105C1000204670BD70B5014621F0010001F0010180
:105C20004FF00004EFF305820AB1A41F11E028B180
:105C30006FF0020529B101F076FB07E06FF0030475
:105C400007E000231A46194601F0F0F9012800D0B8
:105C50002C46204670BD0000F8B50D460024211FDB
:105C60004E1C002804D000BFEFF30582A2B10DB195
:105C70000C461BE000216A46009101F00FFC012850
:105C800013D1009890B10A494FF080500860BFF3DB
:105C90004F8FBFF36F8F09E0294601F055FC0128B3
:105CA00004D015B16FF0010400E034462046F8BD81
:105CB00004ED00E0F8B5144603460E464FF000052B
:105CC000EFF3058098BB93B39E423DD84CB1A068DA
:105CD0000028E06803D0542836D3012002E008B140
:105CE00032E00020012B05D010B31846A26801F065
:105CF000C9F820E040B103200090002211460120A5
:105D0000A36801F01CF904E003220021012001F046
:105D1000F5F8050018D086B100231A46194601F09F
:105D200085F9012809D0284600F050FE00250BE037
:105D3000184601F08AF8050006D00CB1216800E091
:105D40000021284600F02EFE2846F8BD38B5002474
:105D5000E51E00280BD000BFEFF30581A9B100219B
:105D60000091694601F089FA012815D102E06FF02F
:105D7000030412E0009880B109494FF08050086098
:105D8000BFF34F8FBFF36F8F07E000231A4619460A
:105D900001F04CF9012800D02C46204638BD000007
:105DA00004ED00E001F03EBD2DE9FF414FEA0103A3
:105DB0004FF00005EFF30581039549BB40B3802701
:105DC000182100244AB3166806B1344696691EB1FC
:105DD0003146761E382E02D21679F60703D00020FF
:105DE00004B0BDE8F081566906B1B708D2F808C022
:105DF000BCF1000F0DD0D5685C2D18D312693AB1F3
:105E000036B18DE806103A46214601F0E0FC0390D9
:105E10000DE0D6685EB912694AB903AACDE900124D
:105E2000BAB2214601F0A6FC012800D003950398E0
:105E3000D6E770B50546EFF3058010B16FF00504A5
:105E40000FE04DB12846FFF793FB042807D000244C
:105E5000284600F02FFE04E06FF0030401E06FF02D
:105E60000204204670BD00002DE9F041134C0F469E
:105E70000546E6682068001D00F096FC681C07D106
:105E800037B12168BDE8F0410D48091D00F0DCBCC8
:105E900020683544B5424560216805D2A06BBDE855
:105EA000F041091D00F0B8BC606B091D00F0B4FCA6
:105EB000A06A854200D2A562BDE8F08144000020BE
:105EC0002C0800202DE9F041054600F0C9FC2D4CBE
:105ED000A068401CA06020682B4F10B1606930B3EF
:105EE0002BE02560A068012827D1002606EB86005C
:105EF00007EB800000F082FC761C382EF6D3234896
:105F000000F07CFC2148143000F078FC1F48283059
:105F100000F074FC1D483C3000F070FC1B48503011
:105F200000F06CFC194860631430A06305E0206841
:105F3000E96AC06A884200D82560606A401C6062D5
:105F40006864E86A2169884200D9206100EB80001A
:105F500007EB8000291D00F077FC00F0A1FC6069D0
:105F600000280CD02068E96AC06A884207D2084934
:105F70004FF080500860BFF34F8FBFF36F8FBDE8C5
:105F8000F0810000440000207C030020DC0700209A
:105F900004ED00E038B500F063FC104C2068C8B98F
:105FA0000F4800F02BFC0E48143000F027FC0C4882
:105FB000E060143020610A4B0020F43B009003F1B4
:105FC000540210210A2000F0BAFF206010B105A190
:105FD00000F0E8FCBDE8384000F062BC8000002022
:105FE00034090020546D72510000000030B4026C7E
:105FF0000B46002A0BD0C1681144C1608468A142DD
:1060000001D30168C16030BC1846FAF779BB30BCD7
:1060100070472DE9F041856B174604460026026C57
:1060200082B1C7B1E068FAF76BFBE168206C091A2E
:10603000E1602268914202D2A168081AE060022F52
:1060400016D017E02068A8B9A06801F071FC0646D8
:106050000020A0600EE06068FAF752FB216C6068D7
:1060600008446060A168884204D32068606001E051
:1060700005B16D1E6D1CA5633046BDE8F08110B5FD
:10608000044690F8590058B101280CD002280FD0CE
:10609000502080F31188BFF34F8FBFF36F8FFEE75F
:1060A000206B00F011FC2046BDE8104000F00CBC55
:1060B00010BD000010484FF42051420706D0C01D0B
:1060C0000D4920F00700411AC1F520510B4A002369
:1060D0000144C2E900030839183A21F007011160B0
:1060E0004B600B600B1AC0E9001393604FF0004047
:1060F000536050617047000014100020B000002071
:10610000144E154CA6F29C474FF08058DFF84C9087
:1061100012E000BF00F0A4FBF068C568281D00F085
:1061200043FBA068401EA0606068401E606000F0F5
:10613000B7FB2846FFF7A3FF60680028EAD138685C
:106140000128F9D9C9F80080BFF34F8FBFF36F8FD3
:10615000F2E70000180800204400002004ED00E0F1
:10616000002807D00021816001600B460A46C1600B
:1061700000F05CBF7047000070B51D46049C61B123
:10618000C4F80020C4E90F010121204600F00AFFF5
:1061900084F850500020A06470BD2460F2E7000035
:1061A0002DE9F05F8846DDE90B94154683469100A2
:1061B0009A460A9EA522206BFAF7E7FA6FF00301D0
:1061C000206B01EB8501084420F00707780707D012
:1061D000502080F31188BFF34F8FBFF36F8FFEE71E
:1061E0000025B8F1000F0FD05FF00000221818F85A
:1061F000001082F8341018F8001011B1401C10285B
:10620000F4D384F8435001E084F83450382E00D39E
:106210003726E662C4E91365201D00F0FAFA04F19E
:10622000180000F0F6FA2461C6F138006462A0613B
:10623000656584F8585052465946384600F0A2FA2F
:106240002060B9F1000F01D0C9F80040BDE8F09F0F
:1062500030B5114900E011460A688242FBD34B6811
:106260005C18844203D1406818444860084643687B
:106270001C18944209D1084C183C2468A24209D049
:1062800052681A4442600A6812680260814200D073
:10629000086030BD0460F9E7B000002070B500244C
:1062A00041600B4D0061914206D8D11A826991423A
:1062B00006D2011D286907E09A4203D2994201D310
:1062C000012403E0011DE86800F0A6FA204670BD35
:1062D0008000002010B5044600F0C2FAA06B28B17F
:1062E0005FF0000400F0DCFA204610BD0124F9E75D
:1062F000F1B500260098846C5CB1A16BE06B814223
:106300000FD3502080F31188BFF34F8FBFF36F8FEF
:10631000FEE7502080F31188BFF34F8FBFF36F8FDC
:10632000FEE7A16B81420CD294F9455000226946E8
:106330002046FFF76EFE0646681C04D06D1C84F8EC
:1063400045503046F8BD606A0028FAD004F12400B8
:1063500001F06AFB0028F4D00126F2E730B589B0DD
:106360003C4D6EE00498002806DADDE90601059A46
:1063700090470498002864DB069C606910B1201DDA
:1063800000F012FA03A800F0D7F8024604980A2891
:1063900057D2DFE800F00505052D334A05052D33FA
:1063A00094F8280040F0010084F828000599A069BD
:1063B000059B01442046FFF771FF68B3216A204620
:1063C000884794F8280040073BD5002000900598A6
:1063D000A169002342181946204601F0EFFBD8B905
:1063E000502080F31188BFF34F8FBFF36F8FFEE70C
:1063F00014F8280F20F00100207022E094F8280003
:1064000040F0010084F828000598A06128B18118A7
:1064100013462046FFF742FF13E0502080F3118817
:10642000BFF34F8FBFF36F8FFEE794F8280081070B
:1064300003D4204600F048FA03E020F0010084F87D
:106440002800002204A9286800F08CFF002889D1C8
:1064500009B030BD800000202DE9FC410F46054603
:1064600000F03EFC01A800F067F80446019818B15E
:1064700001F012FBBDE8FC81254EAFB13069006828
:10648000D0B30027291B3A46306800F0CBFA01F060
:1064900003FB0028EED11F494FF080500860BFF386
:1064A0004F8FBFF36F8FE5E7A542EBD801F0F4FA09
:1064B000F0682746C068C468201D00F075F994F89C
:1064C0002800410719D5A0692B4641193A462046B4
:1064D000FFF7E4FEA8B100200346014600902A46DB
:1064E000204601F06BFB60B9502080F31188BFF3A8
:1064F0004F8FBFF36F8FFEE707E020F0010084F8B5
:106500002800216A20468847B4E70127BAE700003F
:106510008000002004ED00E00648416B096829B1C5
:10652000416BC968C9684968816270474FF0FF31A3
:10653000FAE700004400002070B5054601F086F936
:10654000064E0446B068844203D200F009F80120E8
:1065500000E0002028602046B46070BD800000206C
:10656000F8B5194D20E0C068C4680668201D00F029
:106570001BF9216A2046884794F82800400713D564
:10658000A0693044B04206D924616060211DE868EA
:1065900000F042F908E00020034601460090324630
:1065A000204601F00BFB38B1E86801680029DAD118
:1065B0002969C5E90310F8BD502080F31188BFF3A5
:1065C0004F8FBFF36F8FFEE78000002008484068C0
:1065D000401C4FF0500080F3118804D0BFF34F8F60
:1065E000BFF36F8FFEE7BFF34F8FBFF36F8FFEE7F1
:1065F000B8000020074CE068016841B1C068002184
:10660000D0F80000FFF728FFFFF7A8FEF3E701210D
:106610000020F7E7800000202DE9F041044600F05B
:106620001FF994F9455004F124060FE0A06C18B14D
:106630002046FFF75DFE04E0606A48B1304601F095
:10664000F3F908B100F086FA6D1E6DB2002DEDDC95
:106650004FF0FF3684F8456000F022F900F000F9B1
:1066600094F9445004F1100709E0206948B1384614
:1066700001F0DAF908B100F06DFA6D1E6DB2002D6F
:10668000F3DC84F84460BDE8F04100F009B9000093
:106690002DE9F0410546002700F022FB324E30681C
:1066A00008B9FFF707FD706905424ED1C5B308353B
:1066B00068070ED005F00700C0F108000544680720
:1066C00007D0502080F31188BFF34F8FBFF36F8F37
:1066D000FEE72DB37068854237D82348183001464D
:1066E0000C6801E020460C466168A94202D221688C
:1066F0000029F7D131688C4227D0076821680160F2
:1067000060680837411B10290FD96019420708D06B
:10671000502080F31188BFF34F8FBFF36F8FFEE7D8
:1067200013E041606560FFF793FD61687068401A8F
:106730007060B268904200D2B0607069014300207E
:10674000C4E90001F068401CF06001F0A5F9780789
:1067500007D0502080F31188BFF34F8FBFF36F8FA6
:10676000FEE73846BDE8F08198000020044908683B
:1067700018B10868026D521C026508687047000075
:106780004400002010B5031F4FF080741C601B1FD5
:1067900021F001011960191F024B0B6014394038B8
:1067A0000A6010BDCD650008D0E9013201699A6028
:1067B000D0E901235A604A68824201D182684A6066
:1067C000002202610868401E0860086870470000E7
:1067D000034B036003F15C00086080201060704789
:1067E0005C090020044B036003F15C0008604FF477
:1067F0008070106070470000B80B002000F10801A5
:106800004FF0FF32C0E90112C16001610021016057
:10681000704700210161704730B50B685A1C02D0E7
:1068200000F1080202E0026904E02246546825688B
:106830009D42FAD953684B6099608A605160086143
:106840000168491C016030BD42684A6093688B60F2
:1068500093685960916008610168491C0160704744
:10686000502080F31188BFF34F8FBFF36F8F0A4919
:106870004868401C486001280CD10848006810F0A6
:10688000FF0F07D0502080F31188BFF34F8FBFF365
:106890006F8FFEE770470000B800002004ED00E0B5
:1068A0000849486828B1401E486001D180F311882A
:1068B0007047502080F31188BFF34F8FBFF36F8F65
:1068C000FEE70000B800002070B500282AD0164D61
:1068D000A0F1080460686969084207D1502080F37C
:1068E0001188BFF34F8FBFF36F8FFEE722683AB175
:1068F000502080F31188BFF34F8FBFF36F8FFEE7F7
:106900008843606000F0ECF960686968084468607A
:106910002046FFF79DFC2869401C2861BDE87040B7
:1069200001F0BAB870BD0000980000204FF0E020E0
:1069300000210161816105494FF47A720968B1FB58
:10694000F2F1491E416107210161704740000020BA
:1069500010B5F9F7B7FC114910280ED300F1E0206B
:1069600090F8F0030A78904207D2502080F3118803
:10697000BFF34F8FBFF36F8FFEE709480068896848
:1069800000F4E060884207D9502080F31188BFF3FB
:106990004F8FBFF36F8FFEE710BD0000B8000020DF
:1069A0000CED00E010B5084B002200BF53F8324058
:1069B0001CB1521C082AF9D310BD43F8321003EB66
:1069C000C201486010BD00003C03002010B5040067
:1069D0000AD000F013F894F8460000280CD12046A5
:1069E000BDE81040FFF770BF502080F31188BFF35F
:1069F0004F8FBFF36F8FFEE710BD0000084A0021E4
:106A000002EBC1035B68834206D1002042F83100EB
:106A100002EBC10148607047491C0829F0D3704758
:106A20003C03002070B515460E460446FFF718FFDC
:106A300094F944100020491C01D184F8440094F9D1
:106A40004510491C01D184F84500FFF729FFA06BD0
:106A500028B92A46314604F1240000F099F820466E
:106A6000BDE87040FFF7D8BD10B5020014D00F4844
:106A7000006B38B1502080F31188BFF34F8FBFF304
:106A80006F8FFEE700F02CF900211046FFF7ECF9BC
:106A900001F002F8002807D105494FF08050086046
:106AA000BFF34F8FBFF36F8F10BD00004400002075
:106AB00004ED00E070B50546FFF7D2FE1E4C05B9A7
:106AC0002568281DFFF770FEA86A18B105F11800A7
:106AD000FFF76AFE606A401C60622068854207D149
:106AE000291D1648FFF7B0FE6068401C606007E093
:106AF000A068401EA0602846FFF7C1FAFFF70CFD12
:106B0000FFF7CEFE6069002814D02068854211D1BD
:106B1000206B38B1502080F31188BFF34F8FBFF343
:106B20006F8FFEE706494FF080500860BFF34F8F2C
:106B3000BFF36F8F70BD00004400002018080020D4
:106B400004ED00E002490A6A0260C96841607047CA
:106B50004400002001490120C86170474400002022
:106B600010B50C4650B1094909681831FFF754FEB9
:106B70002046BDE810400121FFF776B9502080F390
:106B80001188BFF34F8FBFF36F8FFEE744000020E3
:106B900070B514460D4668B10A4909681831FFF707
:106BA00053FE0CB14FF0FF3521462846BDE870403A
:106BB000FFF75AB9502080F31188BFF34F8FBFF30E
:106BC0006F8FFEE74400002070B504003ED0226DB8
:106BD000A2B1E06C884200D30146E06A884235D019
:106BE000012A33D11A4D2A6894420FD1502080F3E4
:106BF0001188BFF34F8FBFF36F8FFEE7502080F3F4
:106C00001188BFF34F8FBFF36F8FFEE7E162A26978
:106C1000002A02DBC1F13801A1610E4E00EB8000B9
:106C2000616906EB8000814210D1201DFFF7BCFD99
:106C3000E06A2969884200D9286100EB800006EBF0
:106C40008000211DBDE87040FFF7FEBD70BD000053
:106C5000440000207C03002030B587B0002403945A
:106C600005AA04A903A80494FFF7B2FDDDE9030116
:106C70000094CDE90110002315A11748059A00F0F2
:106C8000A6FD164D0028E8621FD000F067FF01281E
:106C900009D0401C19D1502080F31188BFF34F8FC9
:106CA000BFF36F8FFEE7502080F31188BFF34F8F43
:106CB000BFF36F8F4FF0FF30A86201206861EC6076
:106CC00007B0BDE8304000F045B807B030BD000067
:106CD00049444C45000000000161000844000020C8
:106CE0000248016B491C016370470000440000200A
:106CF000164810B5016B11B10121C16110BD002111
:106D0000C1610169124A01E0B9B1491E01EB810379
:106D100052F82330002BF7D001EB810302EB830202
:106D200002F1080453685B685360A34201D15B68B9
:106D30005360DA680260016110BD502080F3118851
:106D4000BFF34F8FBFF36F8FFEE7000044000020BA
:106D50007C0300201CB5264908780190FF200870AC
:106D600008788DF800009DF800009DF8002000F0E4
:106D7000F000904207D0502080F31188BFF34F8F6E
:106D8000BFF36F8FFEE79DF800001A4C00F0500033
:106D900020700720A06005E09DF8002052008DF8CB
:106DA0000020401E9DF800201206F5D4A0600328A4
:106DB00007D0502080F31188BFF34F8FBFF36F8F40
:106DC000FEE74FF44070A060019808700A4801681F
:106DD00041F470010160016841F070410160FFF70A
:106DE000A5FD00206060F9F737FA00201CBD000007
:106DF00000E400E0B800002020ED00E010B55020D5
:106E000080F31188BFF34F8FBFF36F8F00F02CFD1D
:106E100018B104494FF080500860002080F31188B9
:106E200010BD000004ED00E070B50D460446FFF70C
:106E300017FDA06C08B9A06B08B1002401E0A5649F
:106E40000124FFF72DFD204670BD10B50C4648B15A
:106E500084420FD9502080F31188BFF34F8FBFF3C6
:106E60006F8FFEE7502080F31188BFF34F8FBFF381
:106E70006F8FFEE70222002100F040F8002800D0CA
:106E8000846310BD38B50C4648B184420FD95020F8
:106E900080F31188BFF34F8FBFF36F8FFEE7502051
:106EA00080F31188BFF34F8FBFF36F8FFEE702218E
:106EB000134600220091114600F041F8002800D04E
:106EC000846338BD10B502460021012000F016F899
:106ED0000446FFF745F9204610BD38B50B460022A1
:106EE00000901146012000F02AF80446FFF738F917
:106EF000204638BD00220421AFF30080F8B51746C4
:106F00000E46050013D005FB06F05430FFF7C0FB1A
:106F100004000AD0002084F8460004F154023B46E5
:106F2000314628460094FFF727F92046F8BD502047
:106F300080F31188BFF34F8FBFF36F8FFEE738B533
:106F4000049D18B153B1CAB181B120E0502080F343
:106F50001188BFF34F8FBFF36F8FFEE7502080F390
:106F60001188BFF34F8FBFF36F8FFEE7502080F380
:106F70001188BFF34F8FBFF36F8FFEE739B15020F9
:106F800080F31188BFF34F8FBFF36F8FFEE7542458
:106F90001C46012384F846302B460094FFF7ECF89A
:106FA000204638BD70B50D46040025D0FFF758FCCB
:106FB000D4E90F20216802FB0011A1600021A16328
:106FC000216861600A46D4E90F01401E00FB0121DF
:106FD000E16021464FF0FF3001F8440F487004F1A2
:106FE00010008DB1FFF70AFC04F12400FFF706FC46
:106FF000FFF756FC012070BD502080F31188BFF3CD
:107000004F8FBFF36F8FFEE721690029F0D000F0AA
:107010000BFD0028ECD004494FF080500860BFF30E
:107020004F8FBFF36F8FE3E704ED00E02DE9FF47DB
:1070300082B01D468A464FF00008040003D0BAF122
:10704000000F08D011E0502080F31188BFF34F8F5C
:10705000BFF36F8FFEE7206C38B1502080F31188AA
:10706000BFF34F8FBFF36F8FFEE7022D0AD1E06BA6
:10707000012807D0502080F31188BFF34F8FBFF352
:107080006F8FFEE700F0D4FB454F4FF000094FF043
:10709000805648B9049838B1502080F31188BFF366
:1070A0004F8FBFF36F8FFEE7FFF7DAFBA06BE16B4B
:1070B000884207D3022D05D0049838B3B8F1000FE9
:1070C00027D02BE0D4F838802A4651462046FEF7D8
:1070D000A0FFA16C41B1022D02D1B8F1000F0FD178
:1070E0002046FFF705F905E0616A19B104F12400B3
:1070F00000F09AFC20B13E60BFF34F8FBFF36F8F5B
:10710000FFF7CEFB012006B0BDE8F087FFF7C8FB14
:1071100022E06846FFF716FD4FF00108FFF7C0FBBD
:10712000FFF7DEFDFFF79CFB94F94400401C01D102
:1071300084F8449094F94500401C01D184F84590AE
:10714000FFF7AEFB04A9684600F0DAFA30B120463A
:10715000FFF762FA00F0A0FC0020D4E7FFF780FB05
:10716000A06BE16B884213D1FFF79AFB04F110008A
:107170000499FFF7F5FC2046FFF74EFA00F08CFC6F
:10718000002891D13E60BFF34F8FBFF36F8F8BE725
:10719000FFF786FB2046FFF73FFA00F07DFC83E710
:1071A00004ED00E02DE9F0471F4616468A4604002C
:1071B00003D0BAF1000F08D011E0502080F31188FD
:1071C000BFF34F8FBFF36F8FFEE7206C38B15020B5
:1071D00080F31188BFF34F8FBFF36F8FFEE7022F4D
:1071E0000AD1E06B012807D0502080F31188BFF34B
:1071F0004F8FBFF36F8FFEE7FFF7AAFB5021EFF32E
:10720000118081F31188BFF34F8FBFF36F8F8046DA
:10721000A06BE16B884207D3022F05D05FF000001E
:1072200088F31188BDE8F08794F94550D4F8389078
:107230003A4651462046FEF7ECFE681C04D06D1C11
:1072400084F845500120EBE7A06C012540B1022FE6
:1072500002D1B9F1000FF5D12046FFF749F806E059
:10726000606A0028EED004F1240000F0DDFB002865
:10727000E8D0002EE6D03560E4E72DE9F0410E4677
:10728000040009D0206C78B1502080F31188BFF33E
:107290004F8FBFF36F8FFEE7502080F31188BFF34D
:1072A0004F8FBFF36F8FFEE7206848B9A06838B1F1
:1072B000502080F31188BFF34F8FBFF36F8FFEE72D
:1072C000FFF746FB5020EFF3118580F31188BFF3E1
:1072D0004F8FBFF36F8FA16BE06B88421ED994F97B
:1072E0004500491CA163411C04D0401C84F84500A2
:1072F000012014E0A06C012718B12046FEF7F8FF2A
:1073000006E0606A0028F3D004F1240000F08CFB52
:107310000028EDD0002EEBD03760E9E7002085F3A0
:107320001188BDE8F08110B5040009D000F07AFAA8
:10733000A168884214D1E068401EE06008D00DE0EA
:10734000502080F31188BFF34F8FBFF36F8FFEE79C
:1073500000231A4619462046FFF768FE012010BD9B
:10736000002010BD2DE9F747002683B08A460400AF
:1073700003D0BAF1000F08D011E0502080F311883B
:10738000BFF34F8FBFF36F8FFEE7206C38B15020F3
:1073900080F31188BFF34F8FBFF36F8FFEE700F0CC
:1073A00047FADFF8F4804FF000094FF0805748B9F2
:1073B000059838B1502080F31188BFF34F8FBFF389
:1073C0006F8FFEE7FFF74CFAA56BC5B1514620461B
:1073D000FEF70CFE6D1EA563206950B104F110008C
:1073E00000F022FB28B1C8F80070BFF34F8FBFF345
:1073F0006F8FFFF755FA012006B0BDE8F0870598BA
:1074000008B11EB106E0FFF74BFA27E06846FFF728
:1074100099FB0126FFF744FAFFF762FCFFF720FA19
:1074200094F94400401C01D184F8449094F945003B
:10743000401C01D184F84590FFF732FA05A968464F
:1074400000F05EF9002820460AD0FFF7E5F800F0CA
:1074500023FB2046FEF73EFF0028B3D00020CBE7F9
:10746000FEF738FF90B104F124000599FFF778FB8F
:107470002046FFF7D1F800F00FFB0028A2D1C8F892
:107480000070BFF34F8FBFF36F8F9BE72046FFF76E
:10749000C3F800F001FB95E704ED00E02DE9F047AB
:1074A00090468946040003D0B9F1000F08D011E0DE
:1074B000502080F31188BFF34F8FBFF36F8FFEE72B
:1074C000206C38B1502080F31188BFF34F8FBFF389
:1074D0006F8FFEE7FFF73CFA5020EFF3118680F341
:1074E0001188BFF34F8FBFF36F8FA76BF7B194F97C
:1074F000445049462046FEF779FD7F1EA763681C6D
:1075000004D06D1C84F84450012010E0206900284C
:10751000FAD004F1100000F087FA0028F4D0B8F196
:10752000000FF1D00121C8F80010EDE7002086F32C
:107530001188BDE8F08708B5002200920A46694626
:10754000FFF710FF009808BD2DE9F343002683B034
:107550000400354609D0206C78B1502080F31188A2
:10756000BFF34F8FBFF36F8FFEE7502080F311887A
:10757000BFF34F8FBFF36F8FFEE700F059F9DFF8CD
:107580003C814FF000094FF0805748B9049838B15A
:10759000502080F31188BFF34F8FBFF36F8FFEE74A
:1075A000FFF75EF9A06BC8B1401EA063206810B958
:1075B000FFF7DCF8A060206950B104F1100000F082
:1075C00033FA28B1C8F80070BFF34F8FBFF36F8F45
:1075D000FFF766F9012005B0BDE8F083049808B113
:1075E00066B10FE03DB1502080F31188BFF34F8F9B
:1075F000BFF36F8FFEE7FFF753F95DE06846FFF7D3
:10760000A1FA0126FFF74CF9FFF76AFBFFF728F90B
:1076100094F94400401C01D184F8449094F9450049
:10762000401C01D184F84590FFF73AF904A9684657
:1076300000F066F80028204612D0FEF7EDFF00F0BB
:107640002BFA2046FEF746FE0028A9D09DB3FFF78F
:1076500007F9606A50B3206B0068C0F1380126E07A
:10766000FEF738FEE0B1206838B9FFF7F9F8A068F6
:1076700000F09EF90546FFF713F904F12400049980
:10768000FFF76EFA2046FEF7C7FF00F005FA002864
:1076900086D1C8F80070BFF34F8FBFF36F8F7FE7BD
:1076A0002046FEF7B9FF00F0F7F979E70021A0685E
:1076B000FFF78AFA9FE7FFE700208CE704ED00E080
:1076C00070B50D46040009D000F0ACF8A1688842FE
:1076D0000CD1E068401CE060012070BD502080F3B8
:1076E0001188BFF34F8FBFF36F8FFEE72946204607
:1076F000FFF72AFF0028F0D0E168491CE16070BD67
:107700002DE9F0410C46050011D0C4B1FFF7A8F8EF
:10771000174BDA686E682068911B471C17D02F68DA
:107720001B6A9F4219D0964217D8012410E05020BE
:1077300080F31188BFF34F8FBFF36F8FFEE75020A8
:1077400080F31188BFF34F8FBFF36F8FFEE70024E4
:10775000FFF7A6F82046BDE8F081884205D9401A17
:1077600020602846FFF7EEF9F1E700202060DCE713
:10777000440000202DE9FF5F8346DDE90E8799462E
:1077800016468A469000FEF783FF05001CD05C2059
:10779000FEF77EFF040014D00020256384F8590012
:1077A000CDE90240CDE900874B4632465146584666
:1077B000FEF7F6FC2046FEF785FB012004B0BDE88D
:1077C000F09F2846FFF780F84FF0FF30F6E7F0B55E
:1077D00085B0DDE90B640A9DA6B1DCB15C2700979A
:1077E0002663022684F85960002604AFCDE90246DC
:1077F000CDE90057FEF7D4FC2046FEF763FB049862
:1078000005B0F0BD502080F31188BFF34F8FBFF358
:107810006F8FFEE7502080F31188BFF34F8FBFF3C7
:107820006F8FFEE7014800687047000044000020A9
:107830000548416919B1006B18B10020704701205B
:107840007047022070470000440000200148C068D3
:10785000704700004400002010B5FFF779F8014898
:10786000C06810BD440000202DE9F0412E4C0027D7
:10787000206B28B1A069401CA0613846BDE8F081AA
:10788000E668761CE66013D1606B006838B1502062
:1078900080F31188BFF34F8FBFF36F8FFEE7606BEC
:1078A000A16B6163A063206A401C2062FEF734FE76
:1078B000A06ADFF87880864209D3606B0068A0B1C7
:1078C000606BC068C5686868864211D2A062206893
:1078D000C06A00EB800158F82100012800D9012777
:1078E000E0690028C9D00127C7E74FF0FF30EDE776
:1078F000281DFEF759FFA86A18B105F11800FEF718
:1079000053FFE86A2169884200D9206100EB8001B9
:1079100008EB8100291DFEF797FFE86A2168C96A14
:107920008842CAD30127C8E7440000207C03002016
:1079300070B504004FF0000133D01B4D286884421D
:1079400007D0502080F31188BFF34F8FBFF36F8FA4
:10795000FEE7206D38B1401E2065E36CE26A9A4272
:107960001FD040B11DE0502080F31188BFF34F8F2E
:10797000BFF36F8FFEE7201DFEF716FFE06CE0629D
:10798000C0F13800A061E06A2969884200D9286105
:10799000064900EB800001EB8000211DFEF754FF3B
:1079A0000121084670BD0000440000207C03002037
:1079B00070B504004FF000002BD0194DE16A2A6821
:1079C000D26A914226D2A069002804DB2868C06AE6
:1079D000C0F13800A061134E01EB8101606906EB34
:1079E0008101884211D1201DFEF7DEFE2868C06AA1
:1079F000E0622969884200D9286100EB800006EB2B
:107A00008000211DFEF720FF02E02868C06AE062C6
:107A1000012070BDE16C2A68D26A9142F8D370BD32
:107A2000440000207C03002070B5C068C46854B1D5
:107A300004F118000646FEF7B7FE144D286B50B14E
:107A40003146134815E0502080F31188BFF34F8F63
:107A5000BFF36F8FFEE7201DFEF7A6FEE06A2969DF
:107A6000884200D928610B4900EB800001EB8000BF
:107A7000211DFEF7E9FEE06A2968C96A884202D939
:107A80000120E86170BD002070BD000044000020AE
:107A9000040800207C0300202DE9F0472C4D002431
:107AA0002746286B38B1FEF7DBFE286B401E2863A3
:107AB000286B40B146E0502080F31188BFF34F8F10
:107AC000BFF36F8FFEE7A968224E0120D1B3A6F560
:107AD000916980463068E0B1F068C46804F118002C
:107AE000FEF762FE201DFEF75FFEE06A296988420C
:107AF00000D9286100EB800109EB8100211DFEF710
:107B0000A3FEE06A2968C96A8842E3D3C5F81C80ED
:107B1000E0E70CB1FEF700FDAC694CB14FEA080696
:107B2000FFF7A2FE00B1EE61641EF9D10020A8614A
:107B3000E86938B10849012738070860BFF34F8F5B
:107B4000BFF36F8FFEF7ACFE3846BDE8F08700004C
:107B5000440000200408002004ED00E010B586B0C9
:107B6000FEF718FA114C2068B8B100200390049079
:107B700005AA04A903A8FEF735FEDDE903210220CA
:107B80008DE8070000230AA10B48059AFFF71FFEA6
:107B9000606010B106B0012010BD502080F3118844
:107BA000BFF34F8FBFF36F8FFEE700008000002010
:107BB000546D722053766300F56500082DE9FF418E
:107BC0001E46134602000A9D4FF0000016D0144CCA
:107BD0002768002F0FD0CDE900130292062917DA8B
:107BE000FFF726FE02284FF000030FD0002269465F
:107BF0002068FFF71BFA04B0BDE8F081502080F345
:107C00001188BFF34F8FBFF36F8FFEE72A46EEE771
:107C10000023324669463846FFF7C4FAEBE7000016
:107C20008000002010B500290AD00878002807D06D
:107C300005487844F9F72AFD002801D0002010BD3E
:107C40000248784410BD0000121500000A1500001B
:107C500010B500290AD00878002807D005487844D4
:107C6000F9F714FD002801D0002010BD0248784427
:107C700010BD000002150000FA14000021F00042BF
:107C8000A2F16052B2F5801F01F0004328BFD2F18B
:107C90007F6C0BD95FEA001C43EAC20242EB5070D2
:107CA00018BF704728BF20F001007047B2F5801F51
:107CB000BCBF184670474FEA410C1CF5001F02D2AA
:107CC000084600F00ABD70B500F064F900000089B4
:107CD000FFF7F6BF4FF00040A0F5800070470000AE
:107CE00010B591EA030F48BF83F0004300F1AE8165
:107CF000841A71EB030C05D2121943EB0C03001B21
:107D000061EB0C01DFF824E14FEA1154A4EB135CA2
:107D10001EEA430F18BF9EEA445F73D023EA0E03A6
:107D2000DCF1200E21EA045143F4801332D322FA0D
:107D30000CFE10EB0E0023FA0CFE41EB0E01CCF111
:107D4000200E03FA0EFE10EB0E0051F10001B1F50A
:107D5000801FCCF1200E32D201EB045112FA0EF248
:107D6000BDE8104058BF7047401C38BF5FEA420270
:107D700018BF7047002814BF20F0010041F1000136
:107D80004FEA410313F5001F38BF7047A1F1C0410E
:107D900000F04EB9012A43EB0302ACF1200CDCF1F8
:107DA0001F0E32BF4FF0000E23FA0CF310EB03004E
:107DB00041EB0451B4EB115FD0D0A1EB045101F5BC
:107DC000801149085FEA300001EB04510ED350F1F5
:107DD000000038BF12FA0EFE08D1BDE81040C9E716
:107DE000401C38BF5FEA4202CAD1C3E7BDE8104079
:107DF0004FEA410313F5001F38BF7047A1F1C0419E
:107E000000F016B99EEA445F08D011EA5E0FBDE8A3
:107E1000104004BF01F0004100207047BDE8104051
:107E200070B500F0B7F800BF64FBBE3E0000E0FF95
:107E300002494FF0000000F0D8BC00BF0000F87FFE
:107E4000DFF848C170B51CEA111E1EBF1CEA1315ED
:107E50009EEA0C0F95EA0C0F00F06F8081EA030494
:107E600023EA4C134EEAD47E21EA4C1141F48011EE
:107E700043F48013AE44A1FB024CA0FB0365AEF1BA
:107E80007F7E361955EB0C05A1FB034C4CF100032A
:107E9000A0FB021C16EB0C06654153F100030942DE
:107EA00018BF46F0010613F4007F0BD14FEA0331EF
:107EB0004FEA0530340341EA155140EA16506FF09D
:107EC00003020AE04FEAC3214FEAC520F40241EA67
:107ED000555140EA56506FF0020202EB2E4201EB80
:107EE000025585EACE710AD05FEA440C18BF24F02F
:107EF000004450F1000041F1000120EAD47040F24A
:107F0000FE7C624500D270BDA84214BF4FF0804491
:107F10004FF04044002E08BF0024BEF1806FA8BF80
:107F2000A1F1C041BDE8704080F282804FF00000B6
:107F300001F1C04101F0004170479EEA0C0F0CEACC
:107F4000131518BF95EA0C0F06D04FF0000081EA18
:107F5000030E0EF0004170BD00F01CF88900013ED8
:107F600000F007B800F009B84FEA430C5FEA5C5C28
:107F700008D081EA030100F05BB84FEA410C5FEAE8
:107F80005C5CF6D14FF00000014970470000FF072C
:107F90000000F87F0EF1020E2EF0030E5EF8046B67
:107FA000364205D4012A43EB030515F5001F12D80C
:107FB000012841EB010C1CF5001F0CD80ED14FEA33
:107FC000D17C15F5001F0CEB4C0C0CF1020C08BF1A
:107FD0004CEBD37C04E04FF0080C01E04FEAD37C7B
:107FE0000CEB4C0526FA05F606F00706B6F1040C74
:107FF00006D20EEB860CBDE870404CF0010C6047D9
:10800000DFE80CF0090B02024FF000414FF00000D6
:10801000A1F5002170BD19461046012851EB01045D
:1080200018BFD4F5001484BF002001F0004170BDDA
:108030000808A0F500114FEA3101704710B591EA28
:10804000030F48BF83F000433FF552AE841A71EB33
:10805000030C07D212198CF0004C43EB0C03001BED
:1080600061EB0C01DFF8A4E14FEA1154A4EB135CBF
:108070001EEA430F18BF9EEA445F00F0B08023EA77
:108080006E03524221EA0451C3EB6E0338BF5B1EFC
:10809000DCF1200E25D322FA0CFE10EB0E0043FA81
:1080A0000CFE41EB0E01CCF1200E03FA0EFE10EB9C
:1080B0000E0051F10001CCF1200E29D412FA0EF27B
:1080C00001EB0451BDE8104058BF7047401C1CBF75
:1080D000B2F1004F704700280CBF491C20F001008E
:1080E000704712EB020E43EB030218BF4FF0010E74
:1080F0004EEA4202ACF1200CDCF11E0E54D943FAD8
:108100000CFE10EB0E0051F1FF31CCF11E0ED5D557
:108110000EF1010E12FA0EFE404141EB010101EB9E
:10812000445C5FEA5C5C10D910EBDE7001EB04513B
:1081300038BFBEF1004FBDE8104018BF704700289F
:108140000CBF491C20F00100704730D24FEAD42CFC
:1081500011F5001124F400641BD0B1FA81F20B3A3E
:10816000A41AA41ED2F12003914030FA03F319435C
:10817000904001EBCC71002C01EB0451BDE81040A4
:10818000A8BF704701F1C0414FF0000001F000416D
:108190007047B0FA80F310FA03F100D110BDE41A71
:1081A000173C4805C90AE4E701EB045110BD49102A
:1081B00001EB0451BDE810404FEA300002E04FF0FF
:1081C000000170474A0008BF0042F8D0B2F5001F16
:1081D00028BF704701F000414FF0000070479EEA51
:1081E000445F07D011EA5E0FBDE8104004BF0021D4
:1081F00000207047BDE8104070B5FFF7CBFE00BF10
:1082000040DFF63E83F00041104670470000E0FF7B
:1082100043004FEAD30C4FEA3C0C43401FBF4007DA
:108220000CF1605113F0FE4F70471CF0006F03D14A
:1082300000200CF0004170470CF0004343EA5070FE
:1082400010B540EACC0000F002FA00BF0000009236
:108250004FEA0001FFF7ECBE4FF000414FF0000085
:10826000A1F500217047000090EA010F48BF81F09E
:10827000004100F14882421A3CBF801A89184FEA37
:10828000D0524FF07F4C1CEA410FA2EBD15318BFE4
:108290009CEA026F00F03B804FF0004C4CEA00205B
:1082A0004CEA012121FA03FC10EB0C0C1ED202F166
:1082B000FF325FEA1C2040EBC25038BF70471CF011
:1082C0007F0F4FEA400C18BFBCF17F4F38BF70479B
:1082D000C3F12003994008BF20F00100BCF17F4F9B
:1082E00038BF7047A0F1C04000F0F7B94FEA3C003A
:1082F000000A40EBC25028BF1CF0FF0F4FEA400CB1
:10830000E6D018BFBCF17F4F38BF7047EAE79CEA60
:10831000026F05D010EA5C0F08BF00F00040704704
:1083200010B500F094F900BF64FBBE3E014800F0B8
:108330005CBA00BF0000C07F4FF47F0C1CEAD01273
:108340001EBF1CEAD11392EA0C0F93EA0C0F00F047
:10835000858090EA010F48BF42F4807240F4000C1F
:1083600041F400002CF07F4120F07F4000B58142B5
:10837000A2EB03020FF2081CACEB504EC0F1000060
:108380009EF800E04FEA4E0E00FB0EFC38BF49009D
:108390004FEA2C1C02F5FA020CFB0EF34FEACE1E3C
:1083A0004FEA112C4FEAC1210EEB635E42EB2242F1
:1083B0000EFB0CFC4FEA1C5300FB03114FEA112C7F
:1083C0004FEA01310EFB0CFC4FEADC4C00FB0C11B8
:1083D000C14228BF09184CEB03335DF804EB10EBE6
:1083E000410143EBC250B2F57C0F38BF704729D52D
:1083F00012F0F00F1CBF00F1C04000F000407047C9
:10840000008182838485868788898B8C8D8E8F916D
:108410009293959697999A9C9D9FA0A2A3A5A7A891
:10842000AAACAEB0B2B3B5B7B9BCBEC0C2C5C7C9BD
:10843000CCCED1D4D7D9DCDFE2E6E9ECF0F3F7FA21
:10844000FE0000004FEA400C0CF1807CBCF17E4F36
:1084500028BF7047B0F1C04000F03FB990EA010F6B
:108460000CEAD11348BF42F48072624538BF6345BD
:1084700007D213F47F0F16D080EA010000F000400D
:10848000704710B500F0E3F8097EFC3E00F005B837
:1084900080EA010000F00040704780EA010000F02F
:1084A000004000F01AB912F47F0F04BF0248704771
:1084B00080EA010000F011B90000C07F41000B0EFE
:1084C000D3F19E0208D950F400034FEA032323FAA4
:1084D00002F048BF4042704710B500F0B8F800BF46
:1084E00049922480002070476FF0004282EA200009
:1084F0007047000010F0004148BF4042B0FA80F3DE
:1085000010FA03F2C3F19D030BD051EAC35101EB02
:108510001220530638BF704700F1010008BF20F059
:1085200001007047B0FA80F310FA03F2C3F19D0323
:108530000AD0D90501EB1220530638BF704700F16D
:10854000010008BF20F00100704700004FF47F0CCD
:108550001CEAD0121EBF1CEAD11392EA0C0F93EA58
:108560000C0F00F0478090EA010F48BF42F4807280
:108570004FF0004C4CEA00204CEA012102EB0302D0
:10858000A0FB0113A2F50002002918BF43F001036C
:108590005B0028BF4FEA330342EB22425FEA132C11
:1085A0004CEBC2502EBFBCEB436FB2F57C0F704753
:1085B0004FEA036CBCF1004F08BF20F00100B2F598
:1085C0007C0F38BF70470BD582F0FF0212F5803F59
:1085D000C8BF704700F1C040D8BF00F000407047EE
:1085E00000F5000C5FEA4C0C48BF7047B0F1C0408A
:1085F00000F073B890EA010F0CEAD11348BF42F4BF
:108600008072624538BF634504D280EA010000F001
:108610000040704710B500F01AF800BF8900013E15
:1086200000F007B800F009B85FEA410C5FEA1C6C83
:1086300008D080EA010000F050B85FEA400C5FEA21
:108640001C6CF6D14FF00040A0F5800070470EF191
:10865000020E2EF0030E5EF8044B244204D44FEABF
:108660004102B2F17F4F11D84FEA4003B3F17F4F7F
:108670000CD80ED14FEAD07CB2F17F4F0CEB4C0CF2
:108680000CF1020C08BF4CEBD17C04E04FF0080C5D
:1086900001E04FEAD17C0CEB4C0324FA03F404F024
:1086A0000704B4F1040C06D20EEB840CBDE81040B4
:1086B0004CF0010C6047DFE80CF0070802024FF0B5
:1086C0000040A0F5800010BD0846420018BFD2F15E
:1086D000807288BF00F0004010BDFF2141EAD050F9
:1086E000C005704780F0004090EA010F7FF5C3ADF0
:1086F00081F0004100F007B890EA010F48BF81F017
:1087000000413FF5B8AD421A04D882F00042A0EB18
:10871000020011444FEAD0524FF07F4C1CEA410F47
:10872000A2EBD15318BF9CEA026F4AD04FF0004C25
:108730004CEA00204CEA012121FA03FCB0EB0C0CBE
:108740000FD412F0FE0F36D05FEA4C001DD5001298
:1087500040EBC25038BF70471CF03F0F18BF704746
:108760000BE0A2F101025FEA1C2040EBC25038BFCF
:1087700070471CF07F0F18BF7047C3F1200399406A
:1087800014BF401E20F00100704780084FEA1223FA
:1087900008BF7047B0FA80FCA2EB0C02CCF1280CA9
:1087A00060FA0CF093EA122F04BF00EBC25070473E
:1087B0004FEAC3707047130A5FEADC1008BF7047C6
:1087C000F6E79CEA026F04D010EA5C0F08BF0020B5
:1087D000704710B5FFF73BFF40DFF63E81F00040E9
:1087E0007047F8F777BBF8F7ABBC0CF00F03092B19
:1087F00008BF082000F07F800A2B0BD0082B18BF81
:10880000704708BF1CF0400F0AD04FF000004FF037
:10881000000170471CF0400F18BF4FF00040704738
:108820001CF0100F08D020F0704300F07F4242EAA5
:10883000D3014FEA4370704700F0604021F07F425F
:1088400042EA000201F07F4040EA727070474FF048
:10885000FF0C4CF4E06C1CEA11531CBF9CEA030CA7
:108860009445C2BFDA4201EB02517047002B0DD094
:10887000BCF1000F0FD0002A01F00041A4BF41F06D
:10888000E04141F07F614FF00000704701F000418E
:108890004FF00000704750EA01334FF09B0C18BFB7
:1088A0004CF0806C7FF4C4AA70474FF0FF0212EACC
:1088B000D0521CBF92F0FF038B42C2BFD14200EBEB
:1088C000C1507047002A0AD0002B0BD0002900F0BD
:1088D0000040A4BF40F0FE4040F40000704700F0AC
:1088E0000040704743024FF00B0C18BF4CF0806CF7
:1088F0007FF41CAD70471CF4801F11D01CF4E02FD6
:1089000003D06FEACC31490070474FF04050EFF38D
:10891000008222F0704242EA000282F3008870472F
:108920004FF00000704700000091000800000000B8
:108930000000000000000000000000000002000035
:10894000180000000000000000000000F090000887
:108950000000000000000000000000000000000017
:1089600000000000D090000800000000000000009F
:10897000000000000000000000000000E09000087F
:1089800000000000000000000000000000000000E7
:10899000000000000C910008000000000000000032
:1089A00000000000010202030405060708090A0B83
:1089B0000C0D0E0F1010000000000000000001025E
:1089C0000304060708090000000001020304000078
:1089D0000000000000000000000000000000000097
:1089E000000000F80000000000000033300000002C
:1089F00000100C06100C0600000000000000000033
:108A000040C07840C0784000043F04043F040400A4
:108A1000007088FC08300000001820FF211E0000B4
:108A2000F008F000E018000000211C031E211E00C9
:108A300000F00888700000001E212324192721104F
:108A400010160E00000000000000000000000000F2
:108A5000000000E018040200000000071820400099
:108A600000020418E0000000004020180700000089
:108A7000404080F0804040000202010F01020200ED
:108A8000000000F0000000000101011F01010100D1
:108A9000000000000000000080B070000000000036
:108AA00000000000000000000001010101010101BF
:108AB0000000000000000000003030000000000056
:108AC000000000008060180400601806010000002B
:108AD00000E010080810E000000F102020100F0028
:108AE000001010F8000000000020203F20200000AF
:108AF0000070080808887000003028242221300007
:108B000000300888884830000018202020110E000E
:108B10000000C02010F8000000070424243F2400B7
:108B200000F80888880808000019212020110E008C
:108B300000E0108888180000000F112020110E009E
:108B400000380808C83808000000003F0000000096
:108B50000070880808887000001C222121221C0057
:108B600000E010080810E0000000312222110F0080
:108B7000000000C0C0000000000000303000000015
:108B80000000008000000000000080600000000085
:108B9000000080402010080000010204081020009E
:108BA00040404040404040000404040404040400E9
:108BB000000810204080000000201008040201007E
:108BC000007048080808F00000000030360100007E
:108BD000C030C828E810E0000718272423140B0031
:108BE0000000C038E0000000203C230202273820AB
:108BF00008F8888888700000203F202020110E008F
:108C0000C030080808083800071820202010080085
:108C100008F808080810E000203F202020100F006E
:108C200008F88888E8081000203F2020232018003A
:108C300008F88888E8081000203F200003000000A2
:108C4000C03008080838000007182020221E020043
:108C500008F808000008F808203F210101213F2002
:108C6000000808F8080800000020203F202000002D
:108C700000000808F8080800C08080807F0000001D
:108C800008F888C028180800203F20012638200056
:108C900008F8080000000000203F202020203000BD
:108CA00008F8F800F8F80800203F003F003F2000D7
:108CB00008F830C00008F808203F200007183F00DF
:108CC000E01008080810E0000F10202020100F000E
:108CD00008F808080808F000203F21010101000001
:108CE000E01008080810E0000F18242438504F0046
:108CF00008F8888888887000203F2000030C302006
:108D000000708808080838000038202121221C0043
:108D1000180808F8080818000000203F200000008C
:108D200008F808000008F808001F202020201F0075
:108D30000878880000C83808000007380E010000D5
:108D4000F80800F80008F800033C0700073C03009F
:108D5000081868808068180820302C03032C302005
:108D60000838C800C83808000000203F2000000074
:108D700010080808C83808002038262120201800CC
:108D8000000000FE020202000000007F40404000A0
:108D9000000C30C000000000000000010638C000D8
:108DA00000020202FE000000004040407F00000080
:108DB00000000402020204000000000000000000A5
:108DC00000000000000000008080808080808080A3
:108DD000000202040000000000000000000000008B
:108DE00000008080808000000019242222223F2081
:108DF00008F8008080000000003F112020110E00C4
:108E00000000008080800000000E11202020110052
:108E1000000000808088F800000E112020103F2004
:108E20000000808080800000001F22222222130088
:108E3000008080F0888888180020203F20200000D3
:108E40000000808080808000006B94949493600088
:108E500008F8008080800000203F210000203F2093
:108E600000809898000000000020203F2020000093
:108E7000000000809898000000C08080807F000083
:108E800008F8000080808000203F24022D30200060
:108E9000000808F8000000000020203F202000000B
:108EA0008080808080808000203F20003F20003F25
:108EB0008080008080800000203F210000203F2033
:108EC0000000808080800000001F202020201F00E4
:108ED000808000808000000080FFA12020110E0013
:108EE0000000008080808000000E112020A0FF8004
:108EF000808080008080800020203F2120000100B1
:108F00000000808080808000003324242424190005
:108F1000008080E0808000000000001F2020000012
:108F20008080000000808000001F202020103F2053
:108F3000808080000080808000010E3008060100E3
:108F400080800080008080800F300C030C300F0088
:108F500000808000808080000020312E0E312000B3
:108F6000808080000080808080818E7018060100E3
:108F700000808080808080000021302C2221300001
:108F800000000000807C020200000000003F404022
:108F900000000000FF00000000000000FF000000D3
:108FA0000002027C800000000040403F0000000002
:108FB000000601010202040400000000000000009D
:108FC00018910008030000000000000000000000ED
:108FD0000400000800000000000000020001000082
:108FE00010000000000000000000000030313233AB
:108FF00034353637383941424344454640305800CD
:1090000030313233343536373839616263646566FE
:109010004030780030313233343536373839616298
:1090200063646566787000303132333435363738F2
:109030003941424344454658500000000240000078
:10904000000000A00000000005400000000000C873
:10905000000000000C4000000000409C00000000E8
:10906000194000000020BCBE000000003440000099
:10907000BFC91B8E00000004B5400000504BCFD08C
:109080006607E2CF010000006C4100003E8251AA59
:10909000DFEEA73401000000D9420000DCB5A0E2F9
:1090A0003A301F97FFFFFFFFB4450000FD25A0C821
:1090B000E9A3C14FFFFFFFFFFF3F0000000000805A
:1090C00000000000FF3F00000000008000000000E2
:1090D0006D657373616765517565756500000000A6
:1090E000626C7565546F6F746851756575650000C5
:1090F0006A756467656D656E7451756575650000A8
:1091000064656661756C745461736B0066696E6545
:109110005363616E53656D006F6C65644D75746566
:109120007800000070920008000000201401000088
:10913000280100088493000814010020A4430000C3
:10914000440100081C00000043000000F8FFFFFF7E
:109150000C0000000E0000000F0000002E000000B8
:109160001001000043000000F8FFFFFF00404040F6
:1091700040404040404041414141414040404040EA
:109180004040404040404040404040404005020296
:109190000202020202020202020202020220202055
:1091A00020202020202020020202020202029090B1
:1091B00090909090101010101010101010101010AF
:1091C0001010101010101010020202020202888803
:1091D000888888880808080808080808080808080F
:1091E00008080808080808080202020240000000F7
:1091F000000000000000000000000000000000006F
:10920000000000000000000000000000000000005E
:10921000000000000000000000000000000000004E
:10922000000000000000000000000000000000003E
:10923000000000000000000000000000000000002E
:10924000000000000000000000000000000000001E
:10925000000000000000000000000000000000000E
:1092600000000000000000000000000000000000FE
:1092700000000000000000000000000000000000EE
:1092800000000000000000000000000000000000DE
:1092900000000000000000000000000000000000CE
:1092A00000000000010000001000000000000000AD
:1092B00000127A0000000000000000000000000022
:1092C000000000000000000000000000000000009E
:1092D000000000000000000000000000000000008E
:1092E000000000000000000000000000000000007E
:1092F000000000000000000000000000000000006E
:10930000000000000000000000000000000000005D
:10931000000000000000000000000000000000004D
:10932000000000000000000000000000AAAAAAAA95
:10933000000000000000000000000000000000002D
:1093400000FF00000000000001000000000000001D
:109350000000003F3333333F9A99193F000000006B
:10936000000000000000000000000000000E000EE1
:1093700000000000000000000000000000000000ED
:0493800000000000E9
:04000005080000ED02
:00000001FF
